,,Non-satisfaction,Satisfaction,Statistics
학습 지향 평균,1.75,1 (50.00%),1 (50.00%),"$\chi^2$=1324.61, $p$=0.00"
학습 지향 평균,2.25,17 (73.91%),6 (26.09%),
학습 지향 평균,2.5,32 (69.57%),14 (30.43%),
학습 지향 평균,2.75,74 (63.79%),42 (36.21%),
학습 지향 평균,3.0,109 (48.88%),114 (51.12%),
학습 지향 평균,3.25,99 (27.65%),259 (72.35%),
학습 지향 평균,3.5,128 (19.31%),535 (80.69%),
학습 지향 평균,3.75,125 (11.55%),957 (88.45%),
학습 지향 평균,4.0,125 (7.61%),1518 (92.39%),
학습 지향 평균,4.25,75 (4.29%),1672 (95.71%),
학습 지향 평균,4.5,39 (3.81%),984 (96.19%),
학습 지향 평균,4.75,13 (2.10%),605 (97.90%),
학습 지향 평균,5.0,16 (3.60%),429 (96.40%),
문A3-2) 귀하께서 작년에 참여한 학습경험이 전반적으로 다음 각 항목과 관련하여 귀하에게 어느 정도 도움이 되었다고 생각하십니까?__심리적 만족 및 행복감 증대,1.0,30 (68.18%),14 (31.82%),"$\chi^2$=801.19, $p$=0.00"
문A3-2) 귀하께서 작년에 참여한 학습경험이 전반적으로 다음 각 항목과 관련하여 귀하에게 어느 정도 도움이 되었다고 생각하십니까?__심리적 만족 및 행복감 증대,2.0,89 (51.74%),83 (48.26%),
문A3-2) 귀하께서 작년에 참여한 학습경험이 전반적으로 다음 각 항목과 관련하여 귀하에게 어느 정도 도움이 되었다고 생각하십니까?__심리적 만족 및 행복감 증대,3.0,255 (25.00%),765 (75.00%),
문A3-2) 귀하께서 작년에 참여한 학습경험이 전반적으로 다음 각 항목과 관련하여 귀하에게 어느 정도 도움이 되었다고 생각하십니까?__심리적 만족 및 행복감 증대,4.0,332 (9.85%),3039 (90.15%),
문A3-2) 귀하께서 작년에 참여한 학습경험이 전반적으로 다음 각 항목과 관련하여 귀하에게 어느 정도 도움이 되었다고 생각하십니까?__심리적 만족 및 행복감 증대,5.0,157 (4.63%),3235 (95.37%),
문H1) 귀하께서는 전반적으로 현재의 생활에 얼마나 만족하십니까?,1.0,7 (38.89%),11 (61.11%),"$\chi^2$=796.72, $p$=0.00"
문H1) 귀하께서는 전반적으로 현재의 생활에 얼마나 만족하십니까?,2.0,8 (53.33%),7 (46.67%),
문H1) 귀하께서는 전반적으로 현재의 생활에 얼마나 만족하십니까?,3.0,23 (53.49%),20 (46.51%),
문H1) 귀하께서는 전반적으로 현재의 생활에 얼마나 만족하십니까?,4.0,43 (56.58%),33 (43.42%),
문H1) 귀하께서는 전반적으로 현재의 생활에 얼마나 만족하십니까?,5.0,146 (31.53%),317 (68.47%),
문H1) 귀하께서는 전반적으로 현재의 생활에 얼마나 만족하십니까?,6.0,201 (22.51%),692 (77.49%),
문H1) 귀하께서는 전반적으로 현재의 생활에 얼마나 만족하십니까?,7.0,239 (10.58%),2021 (89.42%),
문H1) 귀하께서는 전반적으로 현재의 생활에 얼마나 만족하십니까?,8.0,164 (5.32%),2920 (94.68%),
문H1) 귀하께서는 전반적으로 현재의 생활에 얼마나 만족하십니까?,9.0,28 (2.84%),959 (97.16%),
문H1) 귀하께서는 전반적으로 현재의 생활에 얼마나 만족하십니까?,10.0,4 (2.50%),156 (97.50%),
직업관련 목표지향 평균,2.0,2 (25.00%),6 (75.00%),"$\chi^2$=693.71, $p$=0.00"
직업관련 목표지향 평균,2.3333333333333335,18 (54.55%),15 (45.45%),
직업관련 목표지향 평균,2.6666666666666665,77 (57.46%),57 (42.54%),
직업관련 목표지향 평균,3.0,85 (33.46%),169 (66.54%),
직업관련 목표지향 평균,3.3333333333333335,116 (20.39%),453 (79.61%),
직업관련 목표지향 평균,3.6666666666666665,186 (13.63%),1179 (86.37%),
직업관련 목표지향 평균,4.0,143 (9.09%),1431 (90.91%),
직업관련 목표지향 평균,4.333333333333333,130 (6.08%),2008 (93.92%),
직업관련 목표지향 평균,4.666666666666667,60 (4.40%),1304 (95.60%),
직업관련 목표지향 평균,5.0,41 (7.40%),513 (92.60%),
문A3-1) 귀하께서 작년에 참여한 학습경험이 전반적으로 다음 각 항목과 관련하여 귀하에게 어느 정도 도움이 되었다고 생각하십니까?__건강 관리,1.0,76 (41.30%),108 (58.70%),"$\chi^2$=604.98, $p$=0.00"
문A3-1) 귀하께서 작년에 참여한 학습경험이 전반적으로 다음 각 항목과 관련하여 귀하에게 어느 정도 도움이 되었다고 생각하십니까?__건강 관리,2.0,191 (29.61%),454 (70.39%),
문A3-1) 귀하께서 작년에 참여한 학습경험이 전반적으로 다음 각 항목과 관련하여 귀하에게 어느 정도 도움이 되었다고 생각하십니까?__건강 관리,3.0,281 (15.15%),1574 (84.85%),
문A3-1) 귀하께서 작년에 참여한 학습경험이 전반적으로 다음 각 항목과 관련하여 귀하에게 어느 정도 도움이 되었다고 생각하십니까?__건강 관리,4.0,179 (8.38%),1957 (91.62%),
문A3-1) 귀하께서 작년에 참여한 학습경험이 전반적으로 다음 각 항목과 관련하여 귀하에게 어느 정도 도움이 되었다고 생각하십니까?__건강 관리,5.0,136 (4.28%),3043 (95.72%),
문A3-9) 귀하께서 작년에 참여한 학습경험이 전반적으로 다음 각 항목과 관련하여 귀하에게 어느 정도 도움이 되었다고 생각하십니까?__친목도모 증진,1.0,90 (38.14%),146 (61.86%),"$\chi^2$=545.92, $p$=0.00"
문A3-9) 귀하께서 작년에 참여한 학습경험이 전반적으로 다음 각 항목과 관련하여 귀하에게 어느 정도 도움이 되었다고 생각하십니까?__친목도모 증진,2.0,177 (29.16%),430 (70.84%),
문A3-9) 귀하께서 작년에 참여한 학습경험이 전반적으로 다음 각 항목과 관련하여 귀하에게 어느 정도 도움이 되었다고 생각하십니까?__친목도모 증진,3.0,259 (14.25%),1559 (85.75%),
문A3-9) 귀하께서 작년에 참여한 학습경험이 전반적으로 다음 각 항목과 관련하여 귀하에게 어느 정도 도움이 되었다고 생각하십니까?__친목도모 증진,4.0,258 (7.60%),3137 (92.40%),
문A3-9) 귀하께서 작년에 참여한 학습경험이 전반적으로 다음 각 항목과 관련하여 귀하에게 어느 정도 도움이 되었다고 생각하십니까?__친목도모 증진,5.0,79 (4.07%),1864 (95.93%),
문A3-8) 귀하께서 작년에 참여한 학습경험이 전반적으로 다음 각 항목과 관련하여 귀하에게 어느 정도 도움이 되었다고 생각하십니까?__사회참여,1.0,88 (30.66%),199 (69.34%),"$\chi^2$=426.35, $p$=0.00"
문A3-8) 귀하께서 작년에 참여한 학습경험이 전반적으로 다음 각 항목과 관련하여 귀하에게 어느 정도 도움이 되었다고 생각하십니까?__사회참여,2.0,193 (25.33%),569 (74.67%),
문A3-8) 귀하께서 작년에 참여한 학습경험이 전반적으로 다음 각 항목과 관련하여 귀하에게 어느 정도 도움이 되었다고 생각하십니까?__사회참여,3.0,312 (13.32%),2030 (86.68%),
문A3-8) 귀하께서 작년에 참여한 학습경험이 전반적으로 다음 각 항목과 관련하여 귀하에게 어느 정도 도움이 되었다고 생각하십니까?__사회참여,4.0,217 (6.78%),2982 (93.22%),
문A3-8) 귀하께서 작년에 참여한 학습경험이 전반적으로 다음 각 항목과 관련하여 귀하에게 어느 정도 도움이 되었다고 생각하십니까?__사회참여,5.0,53 (3.76%),1356 (96.24%),
문A2-10) 프로그램만족도__(3)직업능력향상교육_1,0.0,307 (7.79%),3632 (92.21%),"$\chi^2$=298.64, $p$=0.00"
문A2-10) 프로그램만족도__(3)직업능력향상교육_1,1.0,2 (50.00%),2 (50.00%),
문A2-10) 프로그램만족도__(3)직업능력향상교육_1,2.0,6 (26.09%),17 (73.91%),
문A2-10) 프로그램만족도__(3)직업능력향상교육_1,3.0,187 (29.31%),451 (70.69%),
문A2-10) 프로그램만족도__(3)직업능력향상교육_1,4.0,333 (11.76%),2499 (88.24%),
문A2-10) 프로그램만족도__(3)직업능력향상교육_1,5.0,28 (4.97%),535 (95.03%),
문E1-4) 자신의 학습패턴에 관하여 어느 정도 동의하시는지 동의 정도를 말씀해주시기 바랍니다.__나는 다른 사람들과 함께 공부 하는 것이 좋다.,1.0,55 (28.06%),141 (71.94%),"$\chi^2$=252.50, $p$=0.00"
문E1-4) 자신의 학습패턴에 관하여 어느 정도 동의하시는지 동의 정도를 말씀해주시기 바랍니다.__나는 다른 사람들과 함께 공부 하는 것이 좋다.,2.0,226 (17.66%),1054 (82.34%),
문E1-4) 자신의 학습패턴에 관하여 어느 정도 동의하시는지 동의 정도를 말씀해주시기 바랍니다.__나는 다른 사람들과 함께 공부 하는 것이 좋다.,3.0,350 (13.67%),2210 (86.33%),
문E1-4) 자신의 학습패턴에 관하여 어느 정도 동의하시는지 동의 정도를 말씀해주시기 바랍니다.__나는 다른 사람들과 함께 공부 하는 것이 좋다.,4.0,211 (6.43%),3068 (93.57%),
문E1-4) 자신의 학습패턴에 관하여 어느 정도 동의하시는지 동의 정도를 말씀해주시기 바랍니다.__나는 다른 사람들과 함께 공부 하는 것이 좋다.,5.0,21 (3.07%),663 (96.93%),
문A3-3) 귀하께서 작년에 참여한 학습경험이 전반적으로 다음 각 항목과 관련하여 귀하에게 어느 정도 도움이 되었다고 생각하십니까?__교양 함양이나 지식 습득 등 자기 계발,1.0,28 (39.44%),43 (60.56%),"$\chi^2$=248.72, $p$=0.00"
문A3-3) 귀하께서 작년에 참여한 학습경험이 전반적으로 다음 각 항목과 관련하여 귀하에게 어느 정도 도움이 되었다고 생각하십니까?__교양 함양이나 지식 습득 등 자기 계발,2.0,69 (23.96%),219 (76.04%),
문A3-3) 귀하께서 작년에 참여한 학습경험이 전반적으로 다음 각 항목과 관련하여 귀하에게 어느 정도 도움이 되었다고 생각하십니까?__교양 함양이나 지식 습득 등 자기 계발,3.0,266 (17.16%),1284 (82.84%),
문A3-3) 귀하께서 작년에 참여한 학습경험이 전반적으로 다음 각 항목과 관련하여 귀하에게 어느 정도 도움이 되었다고 생각하십니까?__교양 함양이나 지식 습득 등 자기 계발,4.0,352 (10.04%),3153 (89.96%),
문A3-3) 귀하께서 작년에 참여한 학습경험이 전반적으로 다음 각 항목과 관련하여 귀하에게 어느 정도 도움이 되었다고 생각하십니까?__교양 함양이나 지식 습득 등 자기 계발,5.0,148 (5.73%),2437 (94.27%),
문A2-6) 연간참여시간__(3)직업능력향상교육_1,0.0,307 (7.79%),3632 (92.21%),"$\chi^2$=247.70, $p$=0.00"
문A2-6) 연간참여시간__(3)직업능력향상교육_1,1.0,11 (15.28%),61 (84.72%),
문A2-6) 연간참여시간__(3)직업능력향상교육_1,2.0,32 (16.84%),158 (83.16%),
문A2-6) 연간참여시간__(3)직업능력향상교육_1,3.0,31 (18.79%),134 (81.21%),
문A2-6) 연간참여시간__(3)직업능력향상교육_1,4.0,87 (14.67%),506 (85.33%),
문A2-6) 연간참여시간__(3)직업능력향상교육_1,5.0,14 (13.33%),91 (86.67%),
문A2-6) 연간참여시간__(3)직업능력향상교육_1,6.0,31 (15.50%),169 (84.50%),
문A2-6) 연간참여시간__(3)직업능력향상교육_1,7.0,1 (5.00%),19 (95.00%),
문A2-6) 연간참여시간__(3)직업능력향상교육_1,8.0,62 (12.94%),417 (87.06%),
문A2-6) 연간참여시간__(3)직업능력향상교육_1,10.0,21 (11.29%),165 (88.71%),
문A2-6) 연간참여시간__(3)직업능력향상교육_1,12.0,26 (10.97%),211 (89.03%),
문A2-6) 연간참여시간__(3)직업능력향상교육_1,13.0,1 (33.33%),2 (66.67%),
문A2-6) 연간참여시간__(3)직업능력향상교육_1,15.0,13 (20.97%),49 (79.03%),
문A2-6) 연간참여시간__(3)직업능력향상교육_1,16.0,24 (9.60%),226 (90.40%),
문A2-6) 연간참여시간__(3)직업능력향상교육_1,18.0,3 (11.54%),23 (88.46%),
문A2-6) 연간참여시간__(3)직업능력향상교육_1,20.0,18 (13.43%),116 (86.57%),
문A2-6) 연간참여시간__(3)직업능력향상교육_1,21.0,2 (50.00%),2 (50.00%),
문A2-6) 연간참여시간__(3)직업능력향상교육_1,24.0,20 (10.64%),168 (89.36%),
문A2-6) 연간참여시간__(3)직업능력향상교육_1,25.0,1 (9.09%),10 (90.91%),
문A2-6) 연간참여시간__(3)직업능력향상교육_1,28.0,1 (50.00%),1 (50.00%),
문A2-6) 연간참여시간__(3)직업능력향상교육_1,30.0,7 (9.09%),70 (90.91%),
문A2-6) 연간참여시간__(3)직업능력향상교육_1,32.0,2 (3.08%),63 (96.92%),
문A2-6) 연간참여시간__(3)직업능력향상교육_1,36.0,3 (7.32%),38 (92.68%),
문A2-6) 연간참여시간__(3)직업능력향상교육_1,40.0,9 (8.04%),103 (91.96%),
문A2-6) 연간참여시간__(3)직업능력향상교육_1,48.0,12 (10.71%),100 (89.29%),
문A2-6) 연간참여시간__(3)직업능력향상교육_1,50.0,3 (7.50%),37 (92.50%),
문A2-6) 연간참여시간__(3)직업능력향상교육_1,52.0,1 (25.00%),3 (75.00%),
문A2-6) 연간참여시간__(3)직업능력향상교육_1,54.0,1 (50.00%),1 (50.00%),
문A2-6) 연간참여시간__(3)직업능력향상교육_1,56.0,1 (14.29%),6 (85.71%),
문A2-6) 연간참여시간__(3)직업능력향상교육_1,60.0,5 (8.47%),54 (91.53%),
문A2-6) 연간참여시간__(3)직업능력향상교육_1,64.0,2 (15.38%),11 (84.62%),
문A2-6) 연간참여시간__(3)직업능력향상교육_1,70.0,2 (25.00%),6 (75.00%),
문A2-6) 연간참여시간__(3)직업능력향상교육_1,72.0,5 (8.06%),57 (91.94%),
문A2-6) 연간참여시간__(3)직업능력향상교육_1,75.0,2 (66.67%),1 (33.33%),
문A2-6) 연간참여시간__(3)직업능력향상교육_1,80.0,11 (21.57%),40 (78.43%),
문A2-6) 연간참여시간__(3)직업능력향상교육_1,90.0,2 (18.18%),9 (81.82%),
문A2-6) 연간참여시간__(3)직업능력향상교육_1,100.0,4 (18.18%),18 (81.82%),
문A2-6) 연간참여시간__(3)직업능력향상교육_1,110.0,1 (33.33%),2 (66.67%),
문A2-6) 연간참여시간__(3)직업능력향상교육_1,120.0,11 (18.03%),50 (81.97%),
문A2-6) 연간참여시간__(3)직업능력향상교육_1,128.0,1 (50.00%),1 (50.00%),
문A2-6) 연간참여시간__(3)직업능력향상교육_1,130.0,2 (50.00%),2 (50.00%),
문A2-6) 연간참여시간__(3)직업능력향상교육_1,144.0,5 (14.29%),30 (85.71%),
문A2-6) 연간참여시간__(3)직업능력향상교육_1,150.0,4 (57.14%),3 (42.86%),
문A2-6) 연간참여시간__(3)직업능력향상교육_1,180.0,2 (25.00%),6 (75.00%),
문A2-6) 연간참여시간__(3)직업능력향상교육_1,190.0,1 (50.00%),1 (50.00%),
문A2-6) 연간참여시간__(3)직업능력향상교육_1,192.0,5 (50.00%),5 (50.00%),
문A2-6) 연간참여시간__(3)직업능력향상교육_1,200.0,4 (30.77%),9 (69.23%),
문A2-6) 연간참여시간__(3)직업능력향상교육_1,216.0,2 (40.00%),3 (60.00%),
문A2-6) 연간참여시간__(3)직업능력향상교육_1,240.0,9 (25.00%),27 (75.00%),
문A2-6) 연간참여시간__(3)직업능력향상교육_1,252.0,1 (50.00%),1 (50.00%),
문A2-6) 연간참여시간__(3)직업능력향상교육_1,270.0,1 (50.00%),1 (50.00%),
문A2-6) 연간참여시간__(3)직업능력향상교육_1,300.0,4 (50.00%),4 (50.00%),
문A2-6) 연간참여시간__(3)직업능력향상교육_1,320.0,1 (12.50%),7 (87.50%),
문A2-6) 연간참여시간__(3)직업능력향상교육_1,360.0,1 (12.50%),7 (87.50%),
문A2-6) 연간참여시간__(3)직업능력향상교육_1,400.0,3 (60.00%),2 (40.00%),
문A2-6) 연간참여시간__(3)직업능력향상교육_1,480.0,1 (20.00%),4 (80.00%),
문A2-6) 연간참여시간__(3)직업능력향상교육_1,576.0,2 (66.67%),1 (33.33%),
문A2-6) 연간참여시간__(3)직업능력향상교육_1,640.0,1 (50.00%),1 (50.00%),
문A2-6) 연간참여시간__(3)직업능력향상교육_1,720.0,3 (23.08%),10 (76.92%),
문A2-6) 연간참여시간__(3)직업능력향상교육_1,800.0,1 (20.00%),4 (80.00%),
문A2-6) 연간참여시간__(3)직업능력향상교육_1,960.0,2 (18.18%),9 (81.82%),
문A2-6) 연간참여시간__(3)직업능력향상교육_1,1152.0,1 (50.00%),1 (50.00%),
문A2-6) 연간참여시간__(3)직업능력향상교육_1,1400.0,1 (50.00%),1 (50.00%),
문A2-6) 연간참여시간__(3)직업능력향상교육_1,1920.0,1 (33.33%),2 (66.67%),
문A2-7) 자기부담학습비__(3)직업능력향상교육_1,-1.0,307 (7.79%),3632 (92.21%),"$\chi^2$=203.51, $p$=0.00"
문A2-7) 자기부담학습비__(3)직업능력향상교육_1,0.0,354 (12.23%),2540 (87.77%),
문A2-7) 자기부담학습비__(3)직업능력향상교육_1,0.8,5 (41.67%),7 (58.33%),
문A2-7) 자기부담학습비__(3)직업능력향상교육_1,1.0,10 (17.86%),46 (82.14%),
문A2-7) 자기부담학습비__(3)직업능력향상교육_1,1.8,5 (38.46%),8 (61.54%),
문A2-7) 자기부담학습비__(3)직업능력향상교육_1,2.0,16 (15.09%),90 (84.91%),
문A2-7) 자기부담학습비__(3)직업능력향상교육_1,2.5,4 (33.33%),8 (66.67%),
문A2-7) 자기부담학습비__(3)직업능력향상교육_1,2.6,2 (66.67%),1 (33.33%),
문A2-7) 자기부담학습비__(3)직업능력향상교육_1,3.0,21 (16.67%),105 (83.33%),
문A2-7) 자기부담학습비__(3)직업능력향상교육_1,3.2,1 (25.00%),3 (75.00%),
문A2-7) 자기부담학습비__(3)직업능력향상교육_1,3.5,2 (40.00%),3 (60.00%),
문A2-7) 자기부담학습비__(3)직업능력향상교육_1,4.0,2 (5.88%),32 (94.12%),
문A2-7) 자기부담학습비__(3)직업능력향상교육_1,5.0,6 (10.91%),49 (89.09%),
문A2-7) 자기부담학습비__(3)직업능력향상교육_1,7.0,2 (33.33%),4 (66.67%),
문A2-7) 자기부담학습비__(3)직업능력향상교육_1,8.0,2 (12.50%),14 (87.50%),
문A2-7) 자기부담학습비__(3)직업능력향상교육_1,10.0,6 (13.33%),39 (86.67%),
문A2-7) 자기부담학습비__(3)직업능력향상교육_1,12.0,2 (10.53%),17 (89.47%),
문A2-7) 자기부담학습비__(3)직업능력향상교육_1,14.0,1 (16.67%),5 (83.33%),
문A2-7) 자기부담학습비__(3)직업능력향상교육_1,15.0,5 (17.86%),23 (82.14%),
문A2-7) 자기부담학습비__(3)직업능력향상교육_1,18.0,2 (16.67%),10 (83.33%),
문A2-7) 자기부담학습비__(3)직업능력향상교육_1,20.0,10 (20.83%),38 (79.17%),
문A2-7) 자기부담학습비__(3)직업능력향상교육_1,22.0,1 (25.00%),3 (75.00%),
문A2-7) 자기부담학습비__(3)직업능력향상교육_1,24.0,1 (9.09%),10 (90.91%),
문A2-7) 자기부담학습비__(3)직업능력향상교육_1,25.0,1 (9.09%),10 (90.91%),
문A2-7) 자기부담학습비__(3)직업능력향상교육_1,27.0,1 (33.33%),2 (66.67%),
문A2-7) 자기부담학습비__(3)직업능력향상교육_1,30.0,16 (29.63%),38 (70.37%),
문A2-7) 자기부담학습비__(3)직업능력향상교육_1,35.0,2 (15.38%),11 (84.62%),
문A2-7) 자기부담학습비__(3)직업능력향상교육_1,40.0,6 (20.00%),24 (80.00%),
문A2-7) 자기부담학습비__(3)직업능력향상교육_1,40.5,1 (50.00%),1 (50.00%),
문A2-7) 자기부담학습비__(3)직업능력향상교육_1,45.0,2 (15.38%),11 (84.62%),
문A2-7) 자기부담학습비__(3)직업능력향상교육_1,48.0,1 (33.33%),2 (66.67%),
문A2-7) 자기부담학습비__(3)직업능력향상교육_1,50.0,4 (10.26%),35 (89.74%),
문A2-7) 자기부담학습비__(3)직업능력향상교육_1,52.0,1 (33.33%),2 (66.67%),
문A2-7) 자기부담학습비__(3)직업능력향상교육_1,55.0,1 (25.00%),3 (75.00%),
문A2-7) 자기부담학습비__(3)직업능력향상교육_1,60.0,6 (17.14%),29 (82.86%),
문A2-7) 자기부담학습비__(3)직업능력향상교육_1,65.0,1 (14.29%),6 (85.71%),
문A2-7) 자기부담학습비__(3)직업능력향상교육_1,70.0,3 (37.50%),5 (62.50%),
문A2-7) 자기부담학습비__(3)직업능력향상교육_1,72.0,1 (25.00%),3 (75.00%),
문A2-7) 자기부담학습비__(3)직업능력향상교육_1,80.0,9 (31.03%),20 (68.97%),
문A2-7) 자기부담학습비__(3)직업능력향상교육_1,90.0,5 (31.25%),11 (68.75%),
문A2-7) 자기부담학습비__(3)직업능력향상교육_1,100.0,7 (18.42%),31 (81.58%),
문A2-7) 자기부담학습비__(3)직업능력향상교육_1,120.0,2 (9.52%),19 (90.48%),
문A2-7) 자기부담학습비__(3)직업능력향상교육_1,130.0,1 (20.00%),4 (80.00%),
문A2-7) 자기부담학습비__(3)직업능력향상교육_1,150.0,2 (12.50%),14 (87.50%),
문A2-7) 자기부담학습비__(3)직업능력향상교육_1,160.0,1 (33.33%),2 (66.67%),
문A2-7) 자기부담학습비__(3)직업능력향상교육_1,170.0,3 (75.00%),1 (25.00%),
문A2-7) 자기부담학습비__(3)직업능력향상교육_1,180.0,5 (33.33%),10 (66.67%),
문A2-7) 자기부담학습비__(3)직업능력향상교육_1,200.0,4 (22.22%),14 (77.78%),
문A2-7) 자기부담학습비__(3)직업능력향상교육_1,300.0,3 (33.33%),6 (66.67%),
문A2-7) 자기부담학습비__(3)직업능력향상교육_1,500.0,1 (25.00%),3 (75.00%),
문A2-1) 프로그램 유형__(3)직업능력향상교육_1,1.0,307 (7.79%),3632 (92.21%),"$\chi^2$=169.52, $p$=0.00"
문A2-1) 프로그램 유형__(3)직업능력향상교육_1,2.0,11 (16.67%),55 (83.33%),
문A2-1) 프로그램 유형__(3)직업능력향상교육_1,3.0,5 (16.13%),26 (83.87%),
문A2-1) 프로그램 유형__(3)직업능력향상교육_1,4.0,33 (17.84%),152 (82.16%),
문A2-1) 프로그램 유형__(3)직업능력향상교육_1,5.0,19 (22.62%),65 (77.38%),
문A2-1) 프로그램 유형__(3)직업능력향상교육_1,6.0,150 (10.05%),1343 (89.95%),
문A2-1) 프로그램 유형__(3)직업능력향상교육_1,7.0,22 (21.36%),81 (78.64%),
문A2-1) 프로그램 유형__(3)직업능력향상교육_1,8.0,15 (46.88%),17 (53.12%),
문A2-1) 프로그램 유형__(3)직업능력향상교육_1,9.0,111 (13.39%),718 (86.61%),
문A2-1) 프로그램 유형__(3)직업능력향상교육_1,12.0,5 (12.50%),35 (87.50%),
문A2-1) 프로그램 유형__(3)직업능력향상교육_1,13.0,3 (8.57%),32 (91.43%),
문A2-1) 프로그램 유형__(3)직업능력향상교육_1,14.0,16 (10.74%),133 (89.26%),
문A2-1) 프로그램 유형__(3)직업능력향상교육_1,15.0,12 (34.29%),23 (65.71%),
문A2-1) 프로그램 유형__(3)직업능력향상교육_1,16.0,154 (15.81%),820 (84.19%),
문A1-2) 참여한 프로그램 수는 몇개입니까? (5) 문화예술스포츠교육,-1.0,106 (13.64%),671 (86.36%),"$\chi^2$=138.70, $p$=0.00"
문A1-2) 참여한 프로그램 수는 몇개입니까? (5) 문화예술스포츠교육,0.0,552 (14.38%),3286 (85.62%),
문A1-2) 참여한 프로그램 수는 몇개입니까? (5) 문화예술스포츠교육,1.0,191 (6.20%),2890 (93.80%),
문A1-2) 참여한 프로그램 수는 몇개입니까? (5) 문화예술스포츠교육,2.0,12 (4.36%),263 (95.64%),
문A1-2) 참여한 프로그램 수는 몇개입니까? (5) 문화예술스포츠교육,3.0,1 (3.85%),25 (96.15%),
문C1) 앞으로 참여하길 희망하는 프로그램은 무엇입니까? (중복응답)1,-1.0,260 (12.49%),1822 (87.51%),"$\chi^2$=134.62, $p$=0.00"
문C1) 앞으로 참여하길 희망하는 프로그램은 무엇입니까? (중복응답)1,0.0,192 (17.58%),900 (82.42%),
문C1) 앞으로 참여하길 희망하는 프로그램은 무엇입니까? (중복응답)1,4.0,3 (60.00%),2 (40.00%),
문C1) 앞으로 참여하길 희망하는 프로그램은 무엇입니까? (중복응답)1,6.0,5 (27.78%),13 (72.22%),
문C1) 앞으로 참여하길 희망하는 프로그램은 무엇입니까? (중복응답)1,7.0,5 (13.51%),32 (86.49%),
문C1) 앞으로 참여하길 희망하는 프로그램은 무엇입니까? (중복응답)1,8.0,6 (10.00%),54 (90.00%),
문C1) 앞으로 참여하길 희망하는 프로그램은 무엇입니까? (중복응답)1,11.0,1 (9.09%),10 (90.91%),
문C1) 앞으로 참여하길 희망하는 프로그램은 무엇입니까? (중복응답)1,12.0,32 (11.35%),250 (88.65%),
문C1) 앞으로 참여하길 희망하는 프로그램은 무엇입니까? (중복응답)1,13.0,19 (9.22%),187 (90.78%),
문C1) 앞으로 참여하길 희망하는 프로그램은 무엇입니까? (중복응답)1,14.0,36 (8.89%),369 (91.11%),
문C1) 앞으로 참여하길 희망하는 프로그램은 무엇입니까? (중복응답)1,15.0,16 (23.88%),51 (76.12%),
문C1) 앞으로 참여하길 희망하는 프로그램은 무엇입니까? (중복응답)1,16.0,24 (5.76%),393 (94.24%),
문C1) 앞으로 참여하길 희망하는 프로그램은 무엇입니까? (중복응답)1,17.0,13 (7.47%),161 (92.53%),
문C1) 앞으로 참여하길 희망하는 프로그램은 무엇입니까? (중복응답)1,18.0,22 (7.89%),257 (92.11%),
문C1) 앞으로 참여하길 희망하는 프로그램은 무엇입니까? (중복응답)1,19.0,25 (8.20%),280 (91.80%),
문C1) 앞으로 참여하길 희망하는 프로그램은 무엇입니까? (중복응답)1,20.0,16 (14.68%),93 (85.32%),
문C1) 앞으로 참여하길 희망하는 프로그램은 무엇입니까? (중복응답)1,21.0,11 (7.80%),130 (92.20%),
문C1) 앞으로 참여하길 희망하는 프로그램은 무엇입니까? (중복응답)1,22.0,12 (6.78%),165 (93.22%),
문C1) 앞으로 참여하길 희망하는 프로그램은 무엇입니까? (중복응답)1,23.0,24 (11.06%),193 (88.94%),
문C1) 앞으로 참여하길 희망하는 프로그램은 무엇입니까? (중복응답)1,24.0,21 (6.40%),307 (93.60%),
문C1) 앞으로 참여하길 희망하는 프로그램은 무엇입니까? (중복응답)1,25.0,26 (7.32%),329 (92.68%),
문C1) 앞으로 참여하길 희망하는 프로그램은 무엇입니까? (중복응답)1,26.0,36 (8.39%),393 (91.61%),
문C1) 앞으로 참여하길 희망하는 프로그램은 무엇입니까? (중복응답)1,27.0,57 (7.85%),669 (92.15%),
문C1) 앞으로 참여하길 희망하는 프로그램은 무엇입니까? (중복응답)1,28.0,1 (4.55%),21 (95.45%),
문A2-3) 기관 유형__(3)직업능력향상교육_1,0.0,307 (7.79%),3632 (92.21%),"$\chi^2$=130.60, $p$=0.00"
문A2-3) 기관 유형__(3)직업능력향상교육_1,1.0,1 (12.50%),7 (87.50%),
문A2-3) 기관 유형__(3)직업능력향상교육_1,2.0,9 (24.32%),28 (75.68%),
문A2-3) 기관 유형__(3)직업능력향상교육_1,3.0,40 (18.87%),172 (81.13%),
문A2-3) 기관 유형__(3)직업능력향상교육_1,4.0,21 (14.79%),121 (85.21%),
문A2-3) 기관 유형__(3)직업능력향상교육_1,5.0,9 (20.45%),35 (79.55%),
문A2-3) 기관 유형__(3)직업능력향상교육_1,7.0,211 (10.99%),1709 (89.01%),
문A2-3) 기관 유형__(3)직업능력향상교육_1,8.0,149 (14.48%),880 (85.52%),
문A2-3) 기관 유형__(3)직업능력향상교육_1,9.0,18 (23.38%),59 (76.62%),
문A2-3) 기관 유형__(3)직업능력향상교육_1,10.0,1 (7.14%),13 (92.86%),
문A2-3) 기관 유형__(3)직업능력향상교육_1,11.0,1 (7.69%),12 (92.31%),
문A2-3) 기관 유형__(3)직업능력향상교육_1,12.0,58 (22.22%),203 (77.78%),
문A2-3) 기관 유형__(3)직업능력향상교육_1,13.0,12 (13.33%),78 (86.67%),
문A2-3) 기관 유형__(3)직업능력향상교육_1,14.0,22 (14.01%),135 (85.99%),
문A2-3) 기관 유형__(3)직업능력향상교육_1,15.0,2 (6.67%),28 (93.33%),
문A2-3) 기관 유형__(3)직업능력향상교육_1,16.0,2 (11.11%),16 (88.89%),
문G1-3) 지난 한 해 동안 동아리에서 활동한 적이 있습니까? 있다면^ 몇 회 정도 참여하셨습니까?__참여횟수,0.0,452 (15.29%),2504 (84.71%),"$\chi^2$=129.54, $p$=0.00"
문G1-3) 지난 한 해 동안 동아리에서 활동한 적이 있습니까? 있다면^ 몇 회 정도 참여하셨습니까?__참여횟수,1.0,37 (12.46%),260 (87.54%),
문G1-3) 지난 한 해 동안 동아리에서 활동한 적이 있습니까? 있다면^ 몇 회 정도 참여하셨습니까?__참여횟수,2.0,130 (9.95%),1177 (90.05%),
문G1-3) 지난 한 해 동안 동아리에서 활동한 적이 있습니까? 있다면^ 몇 회 정도 참여하셨습니까?__참여횟수,3.0,91 (9.71%),846 (90.29%),
문G1-3) 지난 한 해 동안 동아리에서 활동한 적이 있습니까? 있다면^ 몇 회 정도 참여하셨습니까?__참여횟수,4.0,28 (6.42%),408 (93.58%),
문G1-3) 지난 한 해 동안 동아리에서 활동한 적이 있습니까? 있다면^ 몇 회 정도 참여하셨습니까?__참여횟수,5.0,21 (5.59%),355 (94.41%),
문G1-3) 지난 한 해 동안 동아리에서 활동한 적이 있습니까? 있다면^ 몇 회 정도 참여하셨습니까?__참여횟수,6.0,36 (4.88%),702 (95.12%),
문G1-3) 지난 한 해 동안 동아리에서 활동한 적이 있습니까? 있다면^ 몇 회 정도 참여하셨습니까?__참여횟수,7.0,3 (6.00%),47 (94.00%),
문G1-3) 지난 한 해 동안 동아리에서 활동한 적이 있습니까? 있다면^ 몇 회 정도 참여하셨습니까?__참여횟수,8.0,1 (1.82%),54 (98.18%),
문G1-3) 지난 한 해 동안 동아리에서 활동한 적이 있습니까? 있다면^ 몇 회 정도 참여하셨습니까?__참여횟수,10.0,20 (7.60%),243 (92.40%),
문G1-3) 지난 한 해 동안 동아리에서 활동한 적이 있습니까? 있다면^ 몇 회 정도 참여하셨습니까?__참여횟수,12.0,27 (10.67%),226 (89.33%),
문G1-3) 지난 한 해 동안 동아리에서 활동한 적이 있습니까? 있다면^ 몇 회 정도 참여하셨습니까?__참여횟수,14.0,1 (16.67%),5 (83.33%),
문G1-3) 지난 한 해 동안 동아리에서 활동한 적이 있습니까? 있다면^ 몇 회 정도 참여하셨습니까?__참여횟수,15.0,1 (1.69%),58 (98.31%),
문G1-3) 지난 한 해 동안 동아리에서 활동한 적이 있습니까? 있다면^ 몇 회 정도 참여하셨습니까?__참여횟수,16.0,1 (20.00%),4 (80.00%),
문G1-3) 지난 한 해 동안 동아리에서 활동한 적이 있습니까? 있다면^ 몇 회 정도 참여하셨습니까?__참여횟수,18.0,1 (12.50%),7 (87.50%),
문G1-3) 지난 한 해 동안 동아리에서 활동한 적이 있습니까? 있다면^ 몇 회 정도 참여하셨습니까?__참여횟수,20.0,8 (7.92%),93 (92.08%),
문G1-3) 지난 한 해 동안 동아리에서 활동한 적이 있습니까? 있다면^ 몇 회 정도 참여하셨습니까?__참여횟수,24.0,1 (1.96%),50 (98.04%),
문G1-3) 지난 한 해 동안 동아리에서 활동한 적이 있습니까? 있다면^ 몇 회 정도 참여하셨습니까?__참여횟수,25.0,1 (11.11%),8 (88.89%),
문G1-3) 지난 한 해 동안 동아리에서 활동한 적이 있습니까? 있다면^ 몇 회 정도 참여하셨습니까?__참여횟수,30.0,3 (10.71%),25 (89.29%),
문A2-5) 참여목적__(3)직업능력향상교육_1,0.0,307 (7.79%),3632 (92.21%),"$\chi^2$=127.61, $p$=0.00"
문A2-5) 참여목적__(3)직업능력향상교육_1,1.0,2 (18.18%),9 (81.82%),
문A2-5) 참여목적__(3)직업능력향상교육_1,2.0,8 (16.33%),41 (83.67%),
문A2-5) 참여목적__(3)직업능력향상교육_1,3.0,37 (9.84%),339 (90.16%),
문A2-5) 참여목적__(3)직업능력향상교육_1,4.0,118 (21.34%),435 (78.66%),
문A2-5) 참여목적__(3)직업능력향상교육_1,5.0,299 (12.23%),2146 (87.77%),
문A2-5) 참여목적__(3)직업능력향상교육_1,6.0,4 (6.67%),56 (93.33%),
문A2-5) 참여목적__(3)직업능력향상교육_1,7.0,82 (15.30%),454 (84.70%),
문A2-5) 참여목적__(3)직업능력향상교육_1,8.0,4 (28.57%),10 (71.43%),
문A2-5) 참여목적__(3)직업능력향상교육_1,10.0,2 (28.57%),5 (71.43%),
문E1-1) 자신의 학습패턴에 관하여 어느 정도 동의하시는지 동의 정도를 말씀해주시기 바랍니다.__나는 책이나 판서 수업 중심으로 공부하는 것이 익숙하고 잘된다.,1.0,47 (20.26%),185 (79.74%),"$\chi^2$=117.45, $p$=0.00"
문E1-1) 자신의 학습패턴에 관하여 어느 정도 동의하시는지 동의 정도를 말씀해주시기 바랍니다.__나는 책이나 판서 수업 중심으로 공부하는 것이 익숙하고 잘된다.,2.0,183 (16.44%),930 (83.56%),
문E1-1) 자신의 학습패턴에 관하여 어느 정도 동의하시는지 동의 정도를 말씀해주시기 바랍니다.__나는 책이나 판서 수업 중심으로 공부하는 것이 익숙하고 잘된다.,3.0,308 (13.03%),2056 (86.97%),
문E1-1) 자신의 학습패턴에 관하여 어느 정도 동의하시는지 동의 정도를 말씀해주시기 바랍니다.__나는 책이나 판서 수업 중심으로 공부하는 것이 익숙하고 잘된다.,4.0,267 (7.42%),3330 (92.58%),
문E1-1) 자신의 학습패턴에 관하여 어느 정도 동의하시는지 동의 정도를 말씀해주시기 바랍니다.__나는 책이나 판서 수업 중심으로 공부하는 것이 익숙하고 잘된다.,5.0,58 (8.37%),635 (91.63%),
문D1-1) 귀하께서는 평생교육 프로그램 관련 정보를 어떻게 얻으셨습니까? (중복응답)1,0.0,497 (14.90%),2838 (85.10%),"$\chi^2$=115.74, $p$=0.00"
문D1-1) 귀하께서는 평생교육 프로그램 관련 정보를 어떻게 얻으셨습니까? (중복응답)1,1.0,175 (7.40%),2191 (92.60%),
문D1-1) 귀하께서는 평생교육 프로그램 관련 정보를 어떻게 얻으셨습니까? (중복응답)1,2.0,69 (10.83%),568 (89.17%),
문D1-1) 귀하께서는 평생교육 프로그램 관련 정보를 어떻게 얻으셨습니까? (중복응답)1,3.0,6 (5.45%),104 (94.55%),
문D1-1) 귀하께서는 평생교육 프로그램 관련 정보를 어떻게 얻으셨습니까? (중복응답)1,4.0,19 (6.27%),284 (93.73%),
문D1-1) 귀하께서는 평생교육 프로그램 관련 정보를 어떻게 얻으셨습니까? (중복응답)1,5.0,50 (6.68%),699 (93.32%),
문D1-1) 귀하께서는 평생교육 프로그램 관련 정보를 어떻게 얻으셨습니까? (중복응답)1,6.0,26 (9.67%),243 (90.33%),
문D1-1) 귀하께서는 평생교육 프로그램 관련 정보를 어떻게 얻으셨습니까? (중복응답)1,7.0,16 (7.77%),190 (92.23%),
문D1-1) 귀하께서는 평생교육 프로그램 관련 정보를 어떻게 얻으셨습니까? (중복응답)1,8.0,5 (23.81%),16 (76.19%),
문A2-8) 학습비 외부 지원여부__(3)직업능력향상교육_1,0.0,307 (7.79%),3632 (92.21%),"$\chi^2$=108.47, $p$=0.00"
문A2-8) 학습비 외부 지원여부__(3)직업능력향상교육_1,1.0,263 (11.20%),2086 (88.80%),
문A2-8) 학습비 외부 지원여부__(3)직업능력향상교육_1,2.0,293 (17.12%),1418 (82.88%),
문A3-7) 귀하께서 작년에 참여한 학습경험이 전반적으로 다음 각 항목과 관련하여 귀하에게 어느 정도 도움이 되었다고 생각하십니까?__고용안정,1.0,53 (12.18%),382 (87.82%),"$\chi^2$=105.18, $p$=0.00"
문A3-7) 귀하께서 작년에 참여한 학습경험이 전반적으로 다음 각 항목과 관련하여 귀하에게 어느 정도 도움이 되었다고 생각하십니까?__고용안정,2.0,67 (13.01%),448 (86.99%),
문A3-7) 귀하께서 작년에 참여한 학습경험이 전반적으로 다음 각 항목과 관련하여 귀하에게 어느 정도 도움이 되었다고 생각하십니까?__고용안정,3.0,179 (18.61%),783 (81.39%),
문A3-7) 귀하께서 작년에 참여한 학습경험이 전반적으로 다음 각 항목과 관련하여 귀하에게 어느 정도 도움이 되었다고 생각하십니까?__고용안정,4.0,239 (11.68%),1807 (88.32%),
문A3-7) 귀하께서 작년에 참여한 학습경험이 전반적으로 다음 각 항목과 관련하여 귀하에게 어느 정도 도움이 되었다고 생각하십니까?__고용안정,5.0,116 (6.56%),1653 (93.44%),
문A3-7) 귀하께서 작년에 참여한 학습경험이 전반적으로 다음 각 항목과 관련하여 귀하에게 어느 정도 도움이 되었다고 생각하십니까?__고용안정,6.0,209 (9.20%),2063 (90.80%),
문A3-6) 귀하께서 작년에 참여한 학습경험이 전반적으로 다음 각 항목과 관련하여 귀하에게 어느 정도 도움이 되었다고 생각하십니까?__성과급^ 연봉 등 소득 증대,1.0,72 (12.93%),485 (87.07%),"$\chi^2$=103.63, $p$=0.00"
문A3-6) 귀하께서 작년에 참여한 학습경험이 전반적으로 다음 각 항목과 관련하여 귀하에게 어느 정도 도움이 되었다고 생각하십니까?__성과급^ 연봉 등 소득 증대,2.0,120 (16.11%),625 (83.89%),
문A3-6) 귀하께서 작년에 참여한 학습경험이 전반적으로 다음 각 항목과 관련하여 귀하에게 어느 정도 도움이 되었다고 생각하십니까?__성과급^ 연봉 등 소득 증대,3.0,228 (15.46%),1247 (84.54%),
문A3-6) 귀하께서 작년에 참여한 학습경험이 전반적으로 다음 각 항목과 관련하여 귀하에게 어느 정도 도움이 되었다고 생각하십니까?__성과급^ 연봉 등 소득 증대,4.0,157 (9.44%),1506 (90.56%),
문A3-6) 귀하께서 작년에 참여한 학습경험이 전반적으로 다음 각 항목과 관련하여 귀하에게 어느 정도 도움이 되었다고 생각하십니까?__성과급^ 연봉 등 소득 증대,5.0,51 (4.94%),982 (95.06%),
문A3-6) 귀하께서 작년에 참여한 학습경험이 전반적으로 다음 각 항목과 관련하여 귀하에게 어느 정도 도움이 되었다고 생각하십니까?__성과급^ 연봉 등 소득 증대,6.0,235 (9.30%),2291 (90.70%),
문D1) 귀하께서는 작년에 평생교육 프로그램 관련 정보를 접한 적이 있습니까?,1.0,497 (14.90%),2838 (85.10%),"$\chi^2$=99.83, $p$=0.00"
문D1) 귀하께서는 작년에 평생교육 프로그램 관련 정보를 접한 적이 있습니까?,2.0,366 (7.85%),4298 (92.15%),
문E1-2) 자신의 학습패턴에 관하여 어느 정도 동의하시는지 동의 정도를 말씀해주시기 바랍니다.__나는 인터넷강의 또는 컴퓨터(전자책^ 태블릿 PC^스마트폰)를 활용한 학습이 익숙하고 잘된다.,1.0,109 (15.53%),593 (84.47%),"$\chi^2$=98.38, $p$=0.00"
문E1-2) 자신의 학습패턴에 관하여 어느 정도 동의하시는지 동의 정도를 말씀해주시기 바랍니다.__나는 인터넷강의 또는 컴퓨터(전자책^ 태블릿 PC^스마트폰)를 활용한 학습이 익숙하고 잘된다.,2.0,217 (15.90%),1148 (84.10%),
문E1-2) 자신의 학습패턴에 관하여 어느 정도 동의하시는지 동의 정도를 말씀해주시기 바랍니다.__나는 인터넷강의 또는 컴퓨터(전자책^ 태블릿 PC^스마트폰)를 활용한 학습이 익숙하고 잘된다.,3.0,234 (11.65%),1774 (88.35%),
문E1-2) 자신의 학습패턴에 관하여 어느 정도 동의하시는지 동의 정도를 말씀해주시기 바랍니다.__나는 인터넷강의 또는 컴퓨터(전자책^ 태블릿 PC^스마트폰)를 활용한 학습이 익숙하고 잘된다.,4.0,234 (8.44%),2538 (91.56%),
문E1-2) 자신의 학습패턴에 관하여 어느 정도 동의하시는지 동의 정도를 말씀해주시기 바랍니다.__나는 인터넷강의 또는 컴퓨터(전자책^ 태블릿 PC^스마트폰)를 활용한 학습이 익숙하고 잘된다.,5.0,69 (5.99%),1083 (94.01%),
문F1-4) 다음 학습 관련 질문에 어느 정도 동의하시는지 동의 정도를 말씀해주시기 바랍니다.__직장에서 필요로 하는 기술을 학교에서는 배울 수 없다.,1.0,42 (19.35%),175 (80.65%),"$\chi^2$=97.10, $p$=0.00"
문F1-4) 다음 학습 관련 질문에 어느 정도 동의하시는지 동의 정도를 말씀해주시기 바랍니다.__직장에서 필요로 하는 기술을 학교에서는 배울 수 없다.,2.0,145 (13.00%),970 (87.00%),
문F1-4) 다음 학습 관련 질문에 어느 정도 동의하시는지 동의 정도를 말씀해주시기 바랍니다.__직장에서 필요로 하는 기술을 학교에서는 배울 수 없다.,3.0,318 (14.60%),1860 (85.40%),
문F1-4) 다음 학습 관련 질문에 어느 정도 동의하시는지 동의 정도를 말씀해주시기 바랍니다.__직장에서 필요로 하는 기술을 학교에서는 배울 수 없다.,4.0,287 (8.59%),3056 (91.41%),
문F1-4) 다음 학습 관련 질문에 어느 정도 동의하시는지 동의 정도를 말씀해주시기 바랍니다.__직장에서 필요로 하는 기술을 학교에서는 배울 수 없다.,5.0,71 (6.20%),1075 (93.80%),
문A3-5) 귀하께서 작년에 참여한 학습경험이 전반적으로 다음 각 항목과 관련하여 귀하에게 어느 정도 도움이 되었다고 생각하십니까?__일하는데 필요한 기능 습득 등,1.0,38 (11.14%),303 (88.86%),"$\chi^2$=96.71, $p$=0.00"
문A3-5) 귀하께서 작년에 참여한 학습경험이 전반적으로 다음 각 항목과 관련하여 귀하에게 어느 정도 도움이 되었다고 생각하십니까?__일하는데 필요한 기능 습득 등,2.0,61 (13.71%),384 (86.29%),
문A3-5) 귀하께서 작년에 참여한 학습경험이 전반적으로 다음 각 항목과 관련하여 귀하에게 어느 정도 도움이 되었다고 생각하십니까?__일하는데 필요한 기능 습득 등,3.0,153 (17.61%),716 (82.39%),
문A3-5) 귀하께서 작년에 참여한 학습경험이 전반적으로 다음 각 항목과 관련하여 귀하에게 어느 정도 도움이 되었다고 생각하십니까?__일하는데 필요한 기능 습득 등,4.0,274 (13.24%),1796 (86.76%),
문A3-5) 귀하께서 작년에 참여한 학습경험이 전반적으로 다음 각 항목과 관련하여 귀하에게 어느 정도 도움이 되었다고 생각하십니까?__일하는데 필요한 기능 습득 등,5.0,163 (7.58%),1988 (92.42%),
문A3-5) 귀하께서 작년에 참여한 학습경험이 전반적으로 다음 각 항목과 관련하여 귀하에게 어느 정도 도움이 되었다고 생각하십니까?__일하는데 필요한 기능 습득 등,6.0,174 (8.20%),1949 (91.80%),
문A1-2) 참여한 프로그램 수는 몇개입니까? (3) 직업능력향상교육,-1.0,19 (4.05%),450 (95.95%),"$\chi^2$=96.58, $p$=0.00"
문A1-2) 참여한 프로그램 수는 몇개입니까? (3) 직업능력향상교육,0.0,287 (8.29%),3177 (91.71%),
문A1-2) 참여한 프로그램 수는 몇개입니까? (3) 직업능력향상교육,1.0,498 (14.55%),2925 (85.45%),
문A1-2) 참여한 프로그램 수는 몇개입니까? (3) 직업능력향상교육,2.0,42 (9.01%),424 (90.99%),
문A1-2) 참여한 프로그램 수는 몇개입니까? (3) 직업능력향상교육,3.0,13 (10.08%),116 (89.92%),
문A1-2) 참여한 프로그램 수는 몇개입니까? (3) 직업능력향상교육,4.0,3 (9.09%),30 (90.91%),
문A1-2) 참여한 프로그램 수는 몇개입니까? (3) 직업능력향상교육,6.0,1 (11.11%),8 (88.89%),
문A2-2) 프로그램 형태__(3)직업능력향상교육_1,0.0,307 (7.79%),3632 (92.21%),"$\chi^2$=93.58, $p$=0.00"
문A2-2) 프로그램 형태__(3)직업능력향상교육_1,1.0,183 (13.51%),1172 (86.49%),
문A2-2) 프로그램 형태__(3)직업능력향상교육_1,2.0,195 (12.91%),1316 (87.09%),
문A2-2) 프로그램 형태__(3)직업능력향상교육_1,3.0,151 (17.08%),733 (82.92%),
문A2-2) 프로그램 형태__(3)직업능력향상교육_1,4.0,18 (7.53%),221 (92.47%),
문A2-2) 프로그램 형태__(3)직업능력향상교육_1,6.0,9 (13.43%),58 (86.57%),
문A3-4) 귀하께서 작년에 참여한 학습경험이 전반적으로 다음 각 항목과 관련하여 귀하에게 어느 정도 도움이 되었다고 생각하십니까?__취업^ 이직^ 창업에 도움,1.0,60 (13.42%),387 (86.58%),"$\chi^2$=81.12, $p$=0.00"
문A3-4) 귀하께서 작년에 참여한 학습경험이 전반적으로 다음 각 항목과 관련하여 귀하에게 어느 정도 도움이 되었다고 생각하십니까?__취업^ 이직^ 창업에 도움,2.0,85 (13.82%),530 (86.18%),
문A3-4) 귀하께서 작년에 참여한 학습경험이 전반적으로 다음 각 항목과 관련하여 귀하에게 어느 정도 도움이 되었다고 생각하십니까?__취업^ 이직^ 창업에 도움,3.0,193 (15.59%),1045 (84.41%),
문A3-4) 귀하께서 작년에 참여한 학습경험이 전반적으로 다음 각 항목과 관련하여 귀하에게 어느 정도 도움이 되었다고 생각하십니까?__취업^ 이직^ 창업에 도움,4.0,230 (12.31%),1639 (87.69%),
문A3-4) 귀하께서 작년에 참여한 학습경험이 전반적으로 다음 각 항목과 관련하여 귀하에게 어느 정도 도움이 되었다고 생각하십니까?__취업^ 이직^ 창업에 도움,5.0,113 (7.70%),1355 (92.30%),
문A3-4) 귀하께서 작년에 참여한 학습경험이 전반적으로 다음 각 항목과 관련하여 귀하에게 어느 정도 도움이 되었다고 생각하십니까?__취업^ 이직^ 창업에 도움,6.0,182 (7.71%),2180 (92.29%),
만 연령,25.0,52 (17.28%),249 (82.72%),"$\chi^2$=71.70, $p$=0.05"
만 연령,26.0,29 (13.62%),184 (86.38%),
만 연령,27.0,24 (11.76%),180 (88.24%),
만 연령,28.0,19 (9.84%),174 (90.16%),
만 연령,29.0,20 (11.90%),148 (88.10%),
만 연령,30.0,12 (7.23%),154 (92.77%),
만 연령,31.0,13 (8.84%),134 (91.16%),
만 연령,32.0,11 (6.55%),157 (93.45%),
만 연령,33.0,13 (8.23%),145 (91.77%),
만 연령,34.0,14 (9.79%),129 (90.21%),
만 연령,35.0,35 (15.02%),198 (84.98%),
만 연령,36.0,23 (10.85%),189 (89.15%),
만 연령,37.0,22 (11.96%),162 (88.04%),
만 연령,38.0,15 (8.57%),160 (91.43%),
만 연령,39.0,15 (8.82%),155 (91.18%),
만 연령,40.0,10 (6.58%),142 (93.42%),
만 연령,41.0,14 (8.48%),151 (91.52%),
만 연령,42.0,21 (11.23%),166 (88.77%),
만 연령,43.0,23 (13.61%),146 (86.39%),
만 연령,44.0,20 (10.53%),170 (89.47%),
만 연령,45.0,17 (10.00%),153 (90.00%),
만 연령,46.0,20 (12.50%),140 (87.50%),
만 연령,47.0,21 (13.55%),134 (86.45%),
만 연령,48.0,10 (6.41%),146 (93.59%),
만 연령,49.0,13 (8.39%),142 (91.61%),
만 연령,50.0,15 (7.69%),180 (92.31%),
만 연령,51.0,17 (8.02%),195 (91.98%),
만 연령,52.0,29 (12.55%),202 (87.45%),
만 연령,53.0,17 (7.59%),207 (92.41%),
만 연령,54.0,20 (10.15%),177 (89.85%),
만 연령,55.0,16 (8.74%),167 (91.26%),
만 연령,56.0,22 (13.10%),146 (86.90%),
만 연령,57.0,15 (8.33%),165 (91.67%),
만 연령,58.0,19 (14.07%),116 (85.93%),
만 연령,59.0,18 (11.11%),144 (88.89%),
만 연령,60.0,15 (10.56%),127 (89.44%),
만 연령,61.0,13 (9.03%),131 (90.97%),
만 연령,62.0,14 (10.69%),117 (89.31%),
만 연령,63.0,13 (9.77%),120 (90.23%),
만 연령,64.0,16 (14.55%),94 (85.45%),
만 연령,65.0,10 (7.87%),117 (92.13%),
만 연령,66.0,11 (10.38%),95 (89.62%),
만 연령,67.0,14 (16.09%),73 (83.91%),
만 연령,68.0,9 (10.47%),77 (89.53%),
만 연령,69.0,10 (11.11%),80 (88.89%),
만 연령,70.0,6 (9.09%),60 (90.91%),
만 연령,71.0,8 (10.53%),68 (89.47%),
만 연령,72.0,10 (16.39%),51 (83.61%),
만 연령,73.0,11 (18.64%),48 (81.36%),
만 연령,74.0,3 (7.50%),37 (92.50%),
만 연령,75.0,9 (20.45%),35 (79.55%),
만 연령,76.0,6 (18.18%),27 (81.82%),
만 연령,77.0,4 (10.26%),35 (89.74%),
만 연령,78.0,3 (12.00%),22 (88.00%),
만 연령,79.0,4 (21.05%),15 (78.95%),
문E1-3) 자신의 학습패턴에 관하여 어느 정도 동의하시는지 동의 정도를 말씀해주시기 바랍니다.__나는 혼자서 공부하는 것이 익숙하고 좋다.,1.0,58 (15.89%),307 (84.11%),"$\chi^2$=67.41, $p$=0.00"
문E1-3) 자신의 학습패턴에 관하여 어느 정도 동의하시는지 동의 정도를 말씀해주시기 바랍니다.__나는 혼자서 공부하는 것이 익숙하고 좋다.,2.0,216 (14.59%),1264 (85.41%),
문E1-3) 자신의 학습패턴에 관하여 어느 정도 동의하시는지 동의 정도를 말씀해주시기 바랍니다.__나는 혼자서 공부하는 것이 익숙하고 좋다.,3.0,291 (11.98%),2138 (88.02%),
문E1-3) 자신의 학습패턴에 관하여 어느 정도 동의하시는지 동의 정도를 말씀해주시기 바랍니다.__나는 혼자서 공부하는 것이 익숙하고 좋다.,4.0,254 (8.30%),2807 (91.70%),
문E1-3) 자신의 학습패턴에 관하여 어느 정도 동의하시는지 동의 정도를 말씀해주시기 바랍니다.__나는 혼자서 공부하는 것이 익숙하고 좋다.,5.0,44 (6.63%),620 (93.37%),
DQ1. 귀하의 최종 학력은 어떻게 되십니까?__학교급,1.0,9 (21.95%),32 (78.05%),"$\chi^2$=65.14, $p$=0.00"
DQ1. 귀하의 최종 학력은 어떻게 되십니까?__학교급,2.0,58 (18.35%),258 (81.65%),
DQ1. 귀하의 최종 학력은 어떻게 되십니까?__학교급,3.0,61 (14.22%),368 (85.78%),
DQ1. 귀하의 최종 학력은 어떻게 되십니까?__학교급,4.0,280 (12.26%),2003 (87.74%),
DQ1. 귀하의 최종 학력은 어떻게 되십니까?__학교급,5.0,155 (12.24%),1111 (87.76%),
DQ1. 귀하의 최종 학력은 어떻게 되십니까?__학교급,6.0,286 (8.29%),3165 (91.71%),
DQ1. 귀하의 최종 학력은 어떻게 되십니까?__학교급,7.0,13 (8.02%),149 (91.98%),
DQ1. 귀하의 최종 학력은 어떻게 되십니까?__학교급,8.0,1 (1.96%),50 (98.04%),
문B1-10) 귀하께서는 작년에 다음과 같은 학습에 참여해 본 적이 있으십니까?__스포츠^ 등산 등 신체를 움직이는 활동에 참여해서 무언가를 새롭게 배우거나 깊이 있게 알게 된 적이 있다,1.0,549 (13.54%),3507 (86.46%),"$\chi^2$=63.92, $p$=0.00"
문B1-10) 귀하께서는 작년에 다음과 같은 학습에 참여해 본 적이 있으십니까?__스포츠^ 등산 등 신체를 움직이는 활동에 참여해서 무언가를 새롭게 배우거나 깊이 있게 알게 된 적이 있다,2.0,314 (7.96%),3629 (92.04%),
문B1-3) 귀하께서는 작년에 다음과 같은 학습에 참여해 본 적이 있으십니까?__유튜브(Youtube) 등을 활용해서 새로운 정보나 기술을 습득한 적이 있다,0.0,468 (11.84%),3485 (88.16%),"$\chi^2$=51.94, $p$=0.00"
문B1-3) 귀하께서는 작년에 다음과 같은 학습에 참여해 본 적이 있으십니까?__유튜브(Youtube) 등을 활용해서 새로운 정보나 기술을 습득한 적이 있다,1.0,140 (15.80%),746 (84.20%),
문B1-3) 귀하께서는 작년에 다음과 같은 학습에 참여해 본 적이 있으십니까?__유튜브(Youtube) 등을 활용해서 새로운 정보나 기술을 습득한 적이 있다,2.0,255 (8.07%),2905 (91.93%),
월 가구소득,1.0,53 (19.92%),213 (80.08%),"$\chi^2$=51.81, $p$=0.00"
월 가구소득,2.0,137 (14.72%),794 (85.28%),
월 가구소득,3.0,305 (11.13%),2435 (88.87%),
월 가구소득,4.0,363 (9.02%),3663 (90.98%),
월 가구소득,5.0,5 (13.89%),31 (86.11%),
DQ6. 귀하께서는 건강에 자신 있습니까?_1,0.0,583 (12.86%),3949 (87.14%),"$\chi^2$=46.29, $p$=0.00"
DQ6. 귀하께서는 건강에 자신 있습니까?_1,1.0,280 (8.08%),3187 (91.92%),
문B1-7) 귀하께서는 작년에 다음과 같은 학습에 참여해 본 적이 있으십니까?__역사적·자연적·산업적 장소를 방문해서 지식을 습득한 적이 있다,1.0,670 (12.44%),4718 (87.56%),"$\chi^2$=45.95, $p$=0.00"
문B1-7) 귀하께서는 작년에 다음과 같은 학습에 참여해 본 적이 있으십니까?__역사적·자연적·산업적 장소를 방문해서 지식을 습득한 적이 있다,2.0,193 (7.39%),2418 (92.61%),
문C2) 귀하께서는 작년(교육이나 학습 프로그램의 참여여부와 관계없이)에 참여하고 싶었지만 참여하지 못했던 평생교육 프로그램이 있었습니까?,1.0,663 (12.42%),4676 (87.58%),"$\chi^2$=43.77, $p$=0.00"
문C2) 귀하께서는 작년(교육이나 학습 프로그램의 참여여부와 관계없이)에 참여하고 싶었지만 참여하지 못했던 평생교육 프로그램이 있었습니까?,2.0,200 (7.52%),2460 (92.48%),
문B1-5) 귀하께서는 작년에 다음과 같은 학습에 참여해 본 적이 있으십니까?__학습을 목적으로 텔레비전^ 라디오 등을 활용해서 새로운 지식을 습득한 적이 있다,1.0,410 (13.63%),2597 (86.37%),"$\chi^2$=40.08, $p$=0.00"
문B1-5) 귀하께서는 작년에 다음과 같은 학습에 참여해 본 적이 있으십니까?__학습을 목적으로 텔레비전^ 라디오 등을 활용해서 새로운 지식을 습득한 적이 있다,2.0,453 (9.07%),4539 (90.93%),
문B1-4) 귀하께서는 작년에 다음과 같은 학습에 참여해 본 적이 있으십니까?__인터넷 뉴스^ E-book 등 온라인매체를 활용해서 새로운 정보나 기술을 습득한 적이 있다,0.0,468 (11.84%),3485 (88.16%),"$\chi^2$=38.09, $p$=0.00"
문B1-4) 귀하께서는 작년에 다음과 같은 학습에 참여해 본 적이 있으십니까?__인터넷 뉴스^ E-book 등 온라인매체를 활용해서 새로운 정보나 기술을 습득한 적이 있다,1.0,190 (13.33%),1235 (86.67%),
문B1-4) 귀하께서는 작년에 다음과 같은 학습에 참여해 본 적이 있으십니까?__인터넷 뉴스^ E-book 등 온라인매체를 활용해서 새로운 정보나 기술을 습득한 적이 있다,2.0,205 (7.82%),2416 (92.18%),
DQ7. 귀하의 주된 소득원천은 무엇입니까?_5,0.0,844 (10.62%),7106 (89.38%),"$\chi^2$=37.25, $p$=0.00"
DQ7. 귀하의 주된 소득원천은 무엇입니까?_5,1.0,19 (38.78%),30 (61.22%),
DQ12. 귀하의 현재 직장에서의 근무기간은 얼마나 되십니까?__년,-1.0,214 (11.77%),1604 (88.23%),"$\chi^2$=36.16, $p$=0.46"
DQ12. 귀하의 현재 직장에서의 근무기간은 얼마나 되십니까?__년,0.0,31 (10.69%),259 (89.31%),
DQ12. 귀하의 현재 직장에서의 근무기간은 얼마나 되십니까?__년,1.0,51 (10.92%),416 (89.08%),
DQ12. 귀하의 현재 직장에서의 근무기간은 얼마나 되십니까?__년,2.0,56 (10.87%),459 (89.13%),
DQ12. 귀하의 현재 직장에서의 근무기간은 얼마나 되십니까?__년,3.0,71 (11.70%),536 (88.30%),
DQ12. 귀하의 현재 직장에서의 근무기간은 얼마나 되십니까?__년,4.0,25 (8.06%),285 (91.94%),
DQ12. 귀하의 현재 직장에서의 근무기간은 얼마나 되십니까?__년,5.0,74 (12.98%),496 (87.02%),
DQ12. 귀하의 현재 직장에서의 근무기간은 얼마나 되십니까?__년,6.0,29 (11.37%),226 (88.63%),
DQ12. 귀하의 현재 직장에서의 근무기간은 얼마나 되십니까?__년,7.0,36 (12.81%),245 (87.19%),
DQ12. 귀하의 현재 직장에서의 근무기간은 얼마나 되십니까?__년,8.0,22 (9.44%),211 (90.56%),
DQ12. 귀하의 현재 직장에서의 근무기간은 얼마나 되십니까?__년,9.0,7 (8.75%),73 (91.25%),
DQ12. 귀하의 현재 직장에서의 근무기간은 얼마나 되십니까?__년,10.0,47 (8.42%),511 (91.58%),
DQ12. 귀하의 현재 직장에서의 근무기간은 얼마나 되십니까?__년,11.0,7 (9.72%),65 (90.28%),
DQ12. 귀하의 현재 직장에서의 근무기간은 얼마나 되십니까?__년,12.0,19 (10.44%),163 (89.56%),
DQ12. 귀하의 현재 직장에서의 근무기간은 얼마나 되십니까?__년,13.0,6 (6.90%),81 (93.10%),
DQ12. 귀하의 현재 직장에서의 근무기간은 얼마나 되십니까?__년,14.0,10 (21.28%),37 (78.72%),
DQ12. 귀하의 현재 직장에서의 근무기간은 얼마나 되십니까?__년,15.0,34 (9.86%),311 (90.14%),
DQ12. 귀하의 현재 직장에서의 근무기간은 얼마나 되십니까?__년,16.0,4 (7.27%),51 (92.73%),
DQ12. 귀하의 현재 직장에서의 근무기간은 얼마나 되십니까?__년,17.0,4 (7.84%),47 (92.16%),
DQ12. 귀하의 현재 직장에서의 근무기간은 얼마나 되십니까?__년,18.0,7 (7.69%),84 (92.31%),
DQ12. 귀하의 현재 직장에서의 근무기간은 얼마나 되십니까?__년,20.0,35 (9.28%),342 (90.72%),
DQ12. 귀하의 현재 직장에서의 근무기간은 얼마나 되십니까?__년,21.0,1 (4.00%),24 (96.00%),
DQ12. 귀하의 현재 직장에서의 근무기간은 얼마나 되십니까?__년,22.0,4 (12.50%),28 (87.50%),
DQ12. 귀하의 현재 직장에서의 근무기간은 얼마나 되십니까?__년,23.0,5 (19.23%),21 (80.77%),
DQ12. 귀하의 현재 직장에서의 근무기간은 얼마나 되십니까?__년,25.0,21 (15.56%),114 (84.44%),
DQ12. 귀하의 현재 직장에서의 근무기간은 얼마나 되십니까?__년,26.0,2 (12.50%),14 (87.50%),
DQ12. 귀하의 현재 직장에서의 근무기간은 얼마나 되십니까?__년,27.0,3 (10.71%),25 (89.29%),
DQ12. 귀하의 현재 직장에서의 근무기간은 얼마나 되십니까?__년,28.0,2 (6.25%),30 (93.75%),
DQ12. 귀하의 현재 직장에서의 근무기간은 얼마나 되십니까?__년,30.0,13 (8.12%),147 (91.88%),
DQ12. 귀하의 현재 직장에서의 근무기간은 얼마나 되십니까?__년,34.0,1 (11.11%),8 (88.89%),
DQ12. 귀하의 현재 직장에서의 근무기간은 얼마나 되십니까?__년,35.0,3 (10.71%),25 (89.29%),
DQ12. 귀하의 현재 직장에서의 근무기간은 얼마나 되십니까?__년,36.0,1 (14.29%),6 (85.71%),
DQ12. 귀하의 현재 직장에서의 근무기간은 얼마나 되십니까?__년,37.0,1 (25.00%),3 (75.00%),
DQ12. 귀하의 현재 직장에서의 근무기간은 얼마나 되십니까?__년,40.0,7 (12.96%),47 (87.04%),
DQ12. 귀하의 현재 직장에서의 근무기간은 얼마나 되십니까?__년,44.0,1 (50.00%),1 (50.00%),
DQ12. 귀하의 현재 직장에서의 근무기간은 얼마나 되십니까?__년,45.0,3 (16.67%),15 (83.33%),
DQ12. 귀하의 현재 직장에서의 근무기간은 얼마나 되십니까?__년,50.0,5 (13.16%),33 (86.84%),
DQ6. 귀하께서는 건강에 자신 있습니까?_3,0.0,766 (10.24%),6717 (89.76%),"$\chi^2$=35.88, $p$=0.00"
DQ6. 귀하께서는 건강에 자신 있습니까?_3,1.0,97 (18.80%),419 (81.20%),
DQ10. 귀하는 현재 어떤 직업에 종사하고 계십니까?_3.0,0.0,693 (12.04%),5064 (87.96%),"$\chi^2$=32.81, $p$=0.00"
DQ10. 귀하는 현재 어떤 직업에 종사하고 계십니까?_3.0,1.0,170 (7.58%),2072 (92.42%),
문B1-2) 귀하께서는 작년에 다음과 같은 학습에 참여해 본 적이 있으십니까?__트위터^ 페이스북^ 카페^ 블로그^ 밴드 등을 활용해서 새로운 정보나 기술을 습득한 적이 있다,1.0,360 (13.62%),2284 (86.38%),"$\chi^2$=32.35, $p$=0.00"
문B1-2) 귀하께서는 작년에 다음과 같은 학습에 참여해 본 적이 있으십니까?__트위터^ 페이스북^ 카페^ 블로그^ 밴드 등을 활용해서 새로운 정보나 기술을 습득한 적이 있다,2.0,503 (9.39%),4852 (90.61%),
지역규모별,1.0,172 (12.61%),1192 (87.39%),"$\chi^2$=31.38, $p$=0.00"
지역규모별,2.0,387 (12.48%),2715 (87.52%),
지역규모별,3.0,304 (8.60%),3229 (91.40%),
DQ6. 귀하께서는 건강에 자신 있습니까?_4,0.0,842 (10.61%),7094 (89.39%),"$\chi^2$=31.21, $p$=0.00"
DQ6. 귀하께서는 건강에 자신 있습니까?_4,1.0,21 (33.33%),42 (66.67%),
DQ11. 귀하가 현재 소속되어 있는 직장의 규모는 어느 정도입니까? (사업장^ 상시근로자 기준),0.0,214 (11.77%),1604 (88.23%),"$\chi^2$=30.79, $p$=0.00"
DQ11. 귀하가 현재 소속되어 있는 직장의 규모는 어느 정도입니까? (사업장^ 상시근로자 기준),1.0,345 (12.27%),2466 (87.73%),
DQ11. 귀하가 현재 소속되어 있는 직장의 규모는 어느 정도입니까? (사업장^ 상시근로자 기준),2.0,151 (10.90%),1234 (89.10%),
DQ11. 귀하가 현재 소속되어 있는 직장의 규모는 어느 정도입니까? (사업장^ 상시근로자 기준),3.0,76 (8.47%),821 (91.53%),
DQ11. 귀하가 현재 소속되어 있는 직장의 규모는 어느 정도입니까? (사업장^ 상시근로자 기준),4.0,46 (8.41%),501 (91.59%),
DQ11. 귀하가 현재 소속되어 있는 직장의 규모는 어느 정도입니까? (사업장^ 상시근로자 기준),5.0,31 (5.74%),509 (94.26%),
문B1-9) 귀하께서는 작년에 다음과 같은 학습에 참여해 본 적이 있으십니까?__축제^ 박람회^ 음악회 등에 참여해서 무언가를 새롭게 배우거나 깊이 있게 알게된 적이 있다,1.0,621 (12.21%),4466 (87.79%),"$\chi^2$=28.82, $p$=0.00"
문B1-9) 귀하께서는 작년에 다음과 같은 학습에 참여해 본 적이 있으십니까?__축제^ 박람회^ 음악회 등에 참여해서 무언가를 새롭게 배우거나 깊이 있게 알게된 적이 있다,2.0,242 (8.31%),2670 (91.69%),
문B1-1) 귀하께서는 작년에 다음과 같은 학습에 참여해 본 적이 있으십니까?__가족^ 친구 또는 직장동료^ 상사의 도움이나 조언을 통해 지식을 습득한 적이 있다,1.0,254 (14.06%),1552 (85.94%),"$\chi^2$=25.56, $p$=0.00"
문B1-1) 귀하께서는 작년에 다음과 같은 학습에 참여해 본 적이 있으십니까?__가족^ 친구 또는 직장동료^ 상사의 도움이나 조언을 통해 지식을 습득한 적이 있다,2.0,609 (9.83%),5584 (90.17%),
DQ3. 몇 명과 함께 지내고 있습니까?__명,0.0,86 (15.11%),483 (84.89%),"$\chi^2$=25.15, $p$=0.00"
DQ3. 몇 명과 함께 지내고 있습니까?__명,1.0,223 (9.36%),2160 (90.64%),
DQ3. 몇 명과 함께 지내고 있습니까?__명,2.0,211 (10.39%),1820 (89.61%),
DQ3. 몇 명과 함께 지내고 있습니까?__명,3.0,252 (10.91%),2058 (89.09%),
DQ3. 몇 명과 함께 지내고 있습니까?__명,4.0,81 (13.80%),506 (86.20%),
DQ3. 몇 명과 함께 지내고 있습니까?__명,5.0,7 (7.00%),93 (93.00%),
DQ3. 몇 명과 함께 지내고 있습니까?__명,6.0,2 (12.50%),14 (87.50%),
DQ3. 몇 명과 함께 지내고 있습니까?__명,7.0,1 (33.33%),2 (66.67%),
DQ10. 귀하는 현재 어떤 직업에 종사하고 계십니까?_9.0,0.0,817 (10.49%),6968 (89.51%),"$\chi^2$=25.06, $p$=0.00"
DQ10. 귀하는 현재 어떤 직업에 종사하고 계십니까?_9.0,1.0,46 (21.50%),168 (78.50%),
취약계층,0.0,468 (11.84%),3485 (88.16%),"$\chi^2$=22.21, $p$=0.00"
취약계층,1.0,375 (9.49%),3577 (90.51%),
취약계층,2.0,20 (21.28%),74 (78.72%),
Year,2018.0,260 (12.49%),1822 (87.51%),"$\chi^2$=20.87, $p$=0.00"
Year,2019.0,208 (11.12%),1663 (88.88%),
Year,2020.0,149 (8.27%),1653 (91.73%),
Year,2021.0,115 (9.97%),1039 (90.03%),
Year,2022.0,131 (12.02%),959 (87.98%),
경활상태,1.0,146 (10.22%),1282 (89.78%),"$\chi^2$=18.91, $p$=0.00"
경활상태,2.0,68 (17.44%),322 (82.56%),
경활상태,3.0,649 (10.50%),5532 (89.50%),
DQ12. 귀하의 현재 직장에서의 근무기간은 얼마나 되십니까?__개월,-1.0,214 (11.77%),1604 (88.23%),"$\chi^2$=17.84, $p$=0.12"
DQ12. 귀하의 현재 직장에서의 근무기간은 얼마나 되십니까?__개월,0.0,372 (11.28%),2927 (88.72%),
DQ12. 귀하의 현재 직장에서의 근무기간은 얼마나 되십니까?__개월,1.0,13 (6.60%),184 (93.40%),
DQ12. 귀하의 현재 직장에서의 근무기간은 얼마나 되십니까?__개월,2.0,39 (9.24%),383 (90.76%),
DQ12. 귀하의 현재 직장에서의 근무기간은 얼마나 되십니까?__개월,3.0,39 (10.03%),350 (89.97%),
DQ12. 귀하의 현재 직장에서의 근무기간은 얼마나 되십니까?__개월,4.0,30 (13.95%),185 (86.05%),
DQ12. 귀하의 현재 직장에서의 근무기간은 얼마나 되십니까?__개월,5.0,35 (9.78%),323 (90.22%),
DQ12. 귀하의 현재 직장에서의 근무기간은 얼마나 되십니까?__개월,6.0,72 (9.15%),715 (90.85%),
DQ12. 귀하의 현재 직장에서의 근무기간은 얼마나 되십니까?__개월,7.0,11 (8.33%),121 (91.67%),
DQ12. 귀하의 현재 직장에서의 근무기간은 얼마나 되십니까?__개월,8.0,13 (7.22%),167 (92.78%),
DQ12. 귀하의 현재 직장에서의 근무기간은 얼마나 되십니까?__개월,9.0,10 (12.50%),70 (87.50%),
DQ12. 귀하의 현재 직장에서의 근무기간은 얼마나 되십니까?__개월,10.0,12 (11.21%),95 (88.79%),
DQ12. 귀하의 현재 직장에서의 근무기간은 얼마나 되십니까?__개월,11.0,3 (23.08%),10 (76.92%),
DQ2. 귀하께서는 자녀가 있으십니까? 있다면^ 귀하의 막내자녀는 현재 어떤 상태입니까?,1.0,300 (12.38%),2124 (87.62%),"$\chi^2$=12.66, $p$=0.03"
DQ2. 귀하께서는 자녀가 있으십니까? 있다면^ 귀하의 막내자녀는 현재 어떤 상태입니까?,2.0,70 (9.11%),698 (90.89%),
DQ2. 귀하께서는 자녀가 있으십니까? 있다면^ 귀하의 막내자녀는 현재 어떤 상태입니까?,3.0,76 (10.81%),627 (89.19%),
DQ2. 귀하께서는 자녀가 있으십니까? 있다면^ 귀하의 막내자녀는 현재 어떤 상태입니까?,4.0,28 (7.76%),333 (92.24%),
DQ2. 귀하께서는 자녀가 있으십니까? 있다면^ 귀하의 막내자녀는 현재 어떤 상태입니까?,5.0,38 (10.22%),334 (89.78%),
DQ2. 귀하께서는 자녀가 있으십니까? 있다면^ 귀하의 막내자녀는 현재 어떤 상태입니까?,6.0,351 (10.41%),3020 (89.59%),
DQ9-1. 귀하의 현재 종사상 지위는 어떻게 되십니까?,0.0,416 (11.55%),3186 (88.45%),"$\chi^2$=12.49, $p$=0.00"
DQ9-1. 귀하의 현재 종사상 지위는 어떻게 되십니까?,1.0,376 (9.67%),3512 (90.33%),
DQ9-1. 귀하의 현재 종사상 지위는 어떻게 되십니까?,2.0,71 (13.95%),438 (86.05%),
DQ3. 귀하께서는 함께 동거하는 가족이 있습니까?,1.0,86 (15.11%),483 (84.89%),"$\chi^2$=11.43, $p$=0.00"
DQ3. 귀하께서는 함께 동거하는 가족이 있습니까?,2.0,777 (10.46%),6653 (89.54%),
문C1) 앞으로 참여하길 희망하는 프로그램은 무엇입니까? (4)인문교양교육,0.0,732 (11.36%),5711 (88.64%),"$\chi^2$=10.97, $p$=0.00"
문C1) 앞으로 참여하길 희망하는 프로그램은 무엇입니까? (4)인문교양교육,1.0,131 (8.42%),1425 (91.58%),
문G1-4) 지난 한 해 동안 지역사회단체에 참여한 적이 있습니까? 있다면^ 몇 회 정도 참여하셨습니까?__참여경험,1.0,416 (9.73%),3860 (90.27%),"$\chi^2$=10.49, $p$=0.00"
문G1-4) 지난 한 해 동안 지역사회단체에 참여한 적이 있습니까? 있다면^ 몇 회 정도 참여하셨습니까?__참여경험,2.0,447 (12.01%),3276 (87.99%),
문A1-2) 참여한 프로그램 수는 몇개입니까? (4) 인문교양교육,-1.0,106 (10.52%),902 (89.48%),"$\chi^2$=9.48, $p$=0.09"
문A1-2) 참여한 프로그램 수는 몇개입니까? (4) 인문교양교육,0.0,633 (11.26%),4987 (88.74%),
문A1-2) 참여한 프로그램 수는 몇개입니까? (4) 인문교양교육,1.0,115 (9.15%),1142 (90.85%),
문A1-2) 참여한 프로그램 수는 몇개입니까? (4) 인문교양교육,2.0,7 (7.14%),91 (92.86%),
문A1-2) 참여한 프로그램 수는 몇개입니까? (4) 인문교양교육,3.0,1 (9.09%),10 (90.91%),
문A1-2) 참여한 프로그램 수는 몇개입니까? (4) 인문교양교육,8.0,1 (50.00%),1 (50.00%),
문B1-6) 귀하께서는 작년에 다음과 같은 학습에 참여해 본 적이 있으십니까?__책이나 전문잡지 등 인쇄매체를 활용해서 지식을 습득한 적이 있다,1.0,476 (11.85%),3540 (88.15%),"$\chi^2$=9.26, $p$=0.00"
문B1-6) 귀하께서는 작년에 다음과 같은 학습에 참여해 본 적이 있으십니까?__책이나 전문잡지 등 인쇄매체를 활용해서 지식을 습득한 적이 있다,2.0,387 (9.72%),3596 (90.28%),
문G1-2) 지난 한 해 동안 자선단체에 기부 또는 후원한 적이 있습니까? 있다면^ 몇 회 정도 참여하셨습니까?__참여경험,1.0,406 (9.79%),3740 (90.21%),"$\chi^2$=8.66, $p$=0.00"
문G1-2) 지난 한 해 동안 자선단체에 기부 또는 후원한 적이 있습니까? 있다면^ 몇 회 정도 참여하셨습니까?__참여경험,2.0,457 (11.86%),3396 (88.14%),
DQ1. 귀하의 최종 학력은 어떻게 되십니까?__상태구분_5.0,0.0,281 (12.42%),1981 (87.58%),"$\chi^2$=8.51, $p$=0.00"
DQ1. 귀하의 최종 학력은 어떻게 되십니까?__상태구분_5.0,1.0,582 (10.14%),5155 (89.86%),
DQ9-2. 귀하의 현재 근로시간형태는 어떻게 되십니까?,0.0,416 (11.55%),3186 (88.45%),"$\chi^2$=8.49, $p$=0.01"
근로시간형태,0.0,416 (11.55%),3186 (88.45%),"$\chi^2$=8.49, $p$=0.01"
DQ9-2. 귀하의 현재 근로시간형태는 어떻게 되십니까?,1.0,402 (9.88%),3666 (90.12%),
근로시간형태,1.0,402 (9.88%),3666 (90.12%),
DQ9-2. 귀하의 현재 근로시간형태는 어떻게 되십니까?,2.0,45 (13.68%),284 (86.32%),
근로시간형태,2.0,45 (13.68%),284 (86.32%),
문G1-1) 지난 한 해 동안 자원봉사 또는 재능기부를 한 적이 있습니까? 있다면^ 몇 회 정도 참여하셨습니까?__참여경험,1.0,416 (9.85%),3808 (90.15%),"$\chi^2$=8.02, $p$=0.00"
문G1-1) 지난 한 해 동안 자원봉사 또는 재능기부를 한 적이 있습니까? 있다면^ 몇 회 정도 참여하셨습니까?__참여경험,2.0,447 (11.84%),3328 (88.16%),
연령별(1),1.0,189 (11.57%),1444 (88.43%),"$\chi^2$=7.70, $p$=0.17"
연령별(1),2.0,189 (10.37%),1633 (89.63%),
연령별(1),3.0,184 (10.07%),1643 (89.93%),
연령별(1),4.0,155 (9.94%),1404 (90.06%),
연령별(1),5.0,131 (12.48%),919 (87.52%),
연령별(1),6.0,15 (13.89%),93 (86.11%),
DQ10. 귀하는 현재 어떤 직업에 종사하고 계십니까?_7.0,0.0,796 (10.55%),6750 (89.45%),"$\chi^2$=7.55, $p$=0.01"
DQ10. 귀하는 현재 어떤 직업에 종사하고 계십니까?_7.0,1.0,67 (14.79%),386 (85.21%),
DQ6. 귀하께서는 건강에 자신 있습니까?_2,0.0,398 (9.84%),3648 (90.16%),"$\chi^2$=7.51, $p$=0.01"
DQ6. 귀하께서는 건강에 자신 있습니까?_2,1.0,465 (11.76%),3488 (88.24%),
DQ4. 귀하께서는 부양할 가족이 있습니까? (동거여부 무관),1.0,351 (12.02%),2570 (87.98%),"$\chi^2$=7.00, $p$=0.01"
DQ4. 귀하께서는 부양할 가족이 있습니까? (동거여부 무관),2.0,512 (10.08%),4566 (89.92%),
DQ10. 귀하는 현재 어떤 직업에 종사하고 계십니까?_8.0,0.0,822 (10.62%),6917 (89.38%),"$\chi^2$=6.40, $p$=0.01"
DQ10. 귀하는 현재 어떤 직업에 종사하고 계십니까?_8.0,1.0,41 (15.77%),219 (84.23%),
문C1) 앞으로 참여하길 희망하는 프로그램은 무엇입니까? (3)직업능력향상교육,0.0,723 (11.21%),5725 (88.79%),"$\chi^2$=5.98, $p$=0.01"
문C1) 앞으로 참여하길 희망하는 프로그램은 무엇입니까? (3)직업능력향상교육,1.0,140 (9.03%),1411 (90.97%),
문B1-8) 귀하께서는 작년에 다음과 같은 학습에 참여해 본 적이 있으십니까?__도서관 등을 방문해서 새로운 사실을 배운 적이 있다,1.0,681 (11.27%),5361 (88.73%),"$\chi^2$=5.76, $p$=0.02"
문B1-8) 귀하께서는 작년에 다음과 같은 학습에 참여해 본 적이 있으십니까?__도서관 등을 방문해서 새로운 사실을 배운 적이 있다,2.0,182 (9.30%),1775 (90.70%),
DQ1. 귀하의 최종 학력은 어떻게 되십니까?__상태구분_3.0,0.0,618 (10.32%),5373 (89.68%),"$\chi^2$=5.36, $p$=0.02"
DQ1. 귀하의 최종 학력은 어떻게 되십니까?__상태구분_3.0,1.0,245 (12.20%),1763 (87.80%),
문A1-2) 참여한 프로그램 수는 몇개입니까? (2) 성인기초 및 문자해득교육(문해교육),-1.0,375 (11.59%),2860 (88.41%),"$\chi^2$=4.47, $p$=0.11"
문A1-2) 참여한 프로그램 수는 몇개입니까? (2) 성인기초 및 문자해득교육(문해교육),0.0,487 (10.27%),4254 (89.73%),
문A1-2) 참여한 프로그램 수는 몇개입니까? (2) 성인기초 및 문자해득교육(문해교육),1.0,1 (4.35%),22 (95.65%),
성별,1.0,448 (11.54%),3433 (88.46%),"$\chi^2$=4.31, $p$=0.04"
성별,2.0,415 (10.08%),3703 (89.92%),
DQ9. 귀하의 현재 고용형태는 어떻게 되십니까?_1.0,0.0,416 (11.55%),3186 (88.45%),"$\chi^2$=3.79, $p$=0.05"
DQ9. 귀하의 현재 고용형태는 어떻게 되십니까?_1.0,1.0,447 (10.17%),3950 (89.83%),
DQ7. 귀하의 주된 소득원천은 무엇입니까?_1,0.0,241 (11.91%),1782 (88.09%),"$\chi^2$=3.40, $p$=0.07"
DQ7. 귀하의 주된 소득원천은 무엇입니까?_1,1.0,622 (10.41%),5354 (89.59%),
DQ1. 귀하의 최종 학력은 어떻게 되십니까?__상태구분_2.0,0.0,847 (10.72%),7057 (89.28%),"$\chi^2$=3.05, $p$=0.08"
DQ1. 귀하의 최종 학력은 어떻게 되십니까?__상태구분_2.0,1.0,16 (16.84%),79 (83.16%),
DQ7. 귀하의 주된 소득원천은 무엇입니까?_4,0.0,844 (10.90%),6896 (89.10%),"$\chi^2$=2.96, $p$=0.09"
DQ7. 귀하의 주된 소득원천은 무엇입니까?_4,1.0,19 (7.34%),240 (92.66%),
문A1-2) 참여한 프로그램 수는 몇개입니까? (6) 시민참여교육,-1.0,113 (10.03%),1014 (89.97%),"$\chi^2$=2.86, $p$=0.41"
문A1-2) 참여한 프로그램 수는 몇개입니까? (6) 시민참여교육,0.0,734 (10.97%),5957 (89.03%),
문A1-2) 참여한 프로그램 수는 몇개입니까? (6) 시민참여교육,1.0,12 (7.84%),141 (92.16%),
문A1-2) 참여한 프로그램 수는 몇개입니까? (6) 시민참여교육,2.0,4 (15.38%),22 (84.62%),
DQ5. 귀하께서는 취학 전의 손자·손녀가 있습니까? (동거여부 무관),1.0,788 (10.99%),6381 (89.01%),"$\chi^2$=2.76, $p$=0.10"
DQ5. 귀하께서는 취학 전의 손자·손녀가 있습니까? (동거여부 무관),2.0,75 (9.04%),755 (90.96%),
DQ7. 귀하의 주된 소득원천은 무엇입니까?_3,0.0,664 (10.49%),5663 (89.51%),"$\chi^2$=2.58, $p$=0.11"
DQ7. 귀하의 주된 소득원천은 무엇입니까?_3,1.0,199 (11.90%),1473 (88.10%),
DQ9. 귀하의 현재 고용형태는 어떻게 되십니까?_0.0,0.0,649 (10.50%),5532 (89.50%),"$\chi^2$=2.23, $p$=0.14"
DQ10. 귀하는 현재 어떤 직업에 종사하고 계십니까?_0.0,0.0,649 (10.50%),5532 (89.50%),"$\chi^2$=2.23, $p$=0.14"
DQ8. 귀하께서는 현재 수입을 목적으로 일하고 계십니까?,1.0,214 (11.77%),1604 (88.23%),"$\chi^2$=2.23, $p$=0.14"
취업구분,1.0,214 (11.77%),1604 (88.23%),"$\chi^2$=2.23, $p$=0.14"
DQ9. 귀하의 현재 고용형태는 어떻게 되십니까?_0.0,1.0,214 (11.77%),1604 (88.23%),
DQ10. 귀하는 현재 어떤 직업에 종사하고 계십니까?_0.0,1.0,214 (11.77%),1604 (88.23%),
DQ8. 귀하께서는 현재 수입을 목적으로 일하고 계십니까?,2.0,649 (10.50%),5532 (89.50%),
취업구분,2.0,649 (10.50%),5532 (89.50%),
문C1) 앞으로 참여하길 희망하는 프로그램은 무엇입니까? (5)문화예술스포츠교육,0.0,862 (10.83%),7100 (89.17%),"$\chi^2$=1.75, $p$=0.19"
문C1) 앞으로 참여하길 희망하는 프로그램은 무엇입니까? (5)문화예술스포츠교육,1.0,1 (2.70%),36 (97.30%),
DQ1. 귀하의 최종 학력은 어떻게 되십니까?__상태구분_0.0,0.0,858 (10.76%),7117 (89.24%),"$\chi^2$=1.59, $p$=0.21"
DQ1. 귀하의 최종 학력은 어떻게 되십니까?__상태구분_0.0,1.0,5 (20.83%),19 (79.17%),
DQ1. 귀하의 최종 학력은 어떻게 되십니까?__상태구분_9.0,0.0,859 (10.76%),7122 (89.24%),"$\chi^2$=1.40, $p$=0.24"
DQ1. 귀하의 최종 학력은 어떻게 되십니까?__상태구분_9.0,1.0,4 (22.22%),14 (77.78%),
문G1-3) 지난 한 해 동안 동아리에서 활동한 적이 있습니까? 있다면^ 몇 회 정도 참여하셨습니까?__참여경험,1.0,484 (10.45%),4149 (89.55%),"$\chi^2$=1.26, $p$=0.26"
문G1-3) 지난 한 해 동안 동아리에서 활동한 적이 있습니까? 있다면^ 몇 회 정도 참여하셨습니까?__참여경험,2.0,379 (11.26%),2987 (88.74%),
DQ10. 귀하는 현재 어떤 직업에 종사하고 계십니까?_2.0,0.0,820 (10.88%),6715 (89.12%),"$\chi^2$=1.02, $p$=0.31"
DQ10. 귀하는 현재 어떤 직업에 종사하고 계십니까?_2.0,1.0,43 (9.27%),421 (90.73%),
DQ9. 귀하의 현재 고용형태는 어떻게 되십니까?_2.0,0.0,661 (10.64%),5554 (89.36%),"$\chi^2$=0.61, $p$=0.43"
DQ9. 귀하의 현재 고용형태는 어떻게 되십니까?_2.0,1.0,202 (11.32%),1582 (88.68%),
DQ10. 귀하는 현재 어떤 직업에 종사하고 계십니까?_4.0,0.0,714 (10.67%),5979 (89.33%),"$\chi^2$=0.55, $p$=0.46"
DQ10. 귀하는 현재 어떤 직업에 종사하고 계십니까?_4.0,1.0,149 (11.41%),1157 (88.59%),
문C1) 앞으로 참여하길 희망하는 프로그램은 무엇입니까? (1)학위취득을위한교육,0.0,844 (10.77%),6995 (89.23%),"$\chi^2$=0.10, $p$=0.75"
문C1) 앞으로 참여하길 희망하는 프로그램은 무엇입니까? (1)학위취득을위한교육,1.0,19 (11.88%),141 (88.12%),
형식교육 참여자,1.0,843 (10.77%),6987 (89.23%),"$\chi^2$=0.10, $p$=0.75"
형식교육 참여자,2.0,20 (11.83%),149 (88.17%),
DQ10. 귀하는 현재 어떤 직업에 종사하고 계십니까?_6.0,0.0,830 (10.77%),6879 (89.23%),"$\chi^2$=0.05, $p$=0.82"
DQ10. 귀하는 현재 어떤 직업에 종사하고 계십니까?_6.0,1.0,33 (11.38%),257 (88.62%),
DQ10. 귀하는 현재 어떤 직업에 종사하고 계십니까?_5.0,0.0,779 (10.82%),6419 (89.18%),"$\chi^2$=0.05, $p$=0.82"
DQ10. 귀하는 현재 어떤 직업에 종사하고 계십니까?_5.0,1.0,84 (10.49%),717 (89.51%),
DQ10. 귀하는 현재 어떤 직업에 종사하고 계십니까?_1.0,0.0,849 (10.80%),7009 (89.20%),"$\chi^2$=0.04, $p$=0.85"
DQ10. 귀하는 현재 어떤 직업에 종사하고 계십니까?_1.0,1.0,14 (9.93%),127 (90.07%),
DQ1. 귀하의 최종 학력은 어떻게 되십니까?__상태구분_1.0,0.0,853 (10.80%),7044 (89.20%),"$\chi^2$=0.03, $p$=0.87"
DQ1. 귀하의 최종 학력은 어떻게 되십니까?__상태구분_1.0,1.0,10 (9.80%),92 (90.20%),
DQ10. 귀하는 현재 어떤 직업에 종사하고 계십니까?_11.0,0.0,862 (10.78%),7133 (89.22%),"$\chi^2$=0.01, $p$=0.91"
DQ10. 귀하는 현재 어떤 직업에 종사하고 계십니까?_11.0,1.0,1 (25.00%),3 (75.00%),
DQ1. 귀하의 최종 학력은 어떻게 되십니까?__상태구분_4.0,0.0,862 (10.80%),7122 (89.20%),"$\chi^2$=0.01, $p$=0.92"
DQ1. 귀하의 최종 학력은 어떻게 되십니까?__상태구분_4.0,1.0,1 (6.67%),14 (93.33%),
DQ7. 귀하의 주된 소득원천은 무엇입니까?_2,0.0,859 (10.80%),7098 (89.20%),"$\chi^2$=0.00, $p$=0.99"
DQ7. 귀하의 주된 소득원천은 무엇입니까?_2,1.0,4 (9.52%),38 (90.48%),
문C1) 앞으로 참여하길 희망하는 프로그램은 무엇입니까? (2)성인기초및문해교육,0.0,862 (10.79%),7126 (89.21%),"$\chi^2$=0.00, $p$=1.00"
DQ10. 귀하는 현재 어떤 직업에 종사하고 계십니까?_10.0,0.0,862 (10.78%),7131 (89.22%),"$\chi^2$=0.00, $p$=1.00"
문C1) 앞으로 참여하길 희망하는 프로그램은 무엇입니까? (2)성인기초및문해교육,1.0,1 (9.09%),10 (90.91%),
DQ10. 귀하는 현재 어떤 직업에 종사하고 계십니까?_10.0,1.0,1 (16.67%),5 (83.33%),
DQ7. 귀하의 주된 소득원천은 무엇입니까?_6,0.0,863 (10.79%),7135 (89.21%),"$T$=-0.35, $p$=0.73"
