,,Formal Education,Non-formal Ecudation,Statistics
문D1) 귀하께서는 작년에 평생교육 프로그램 관련 정보를 접한 적이 있습니까?,1.0,24269 (73.96%),8544 (26.04%),"$\chi^2$=3388.53, $p$=0.00"
문D1) 귀하께서는 작년에 평생교육 프로그램 관련 정보를 접한 적이 있습니까?,2.0,8983 (48.41%),9573 (51.59%),
문C1) 앞으로 참여하길 희망하는 프로그램은 무엇입니까? (중복응답)1,-1.0,7148 (60.85%),4599 (39.15%),"$\chi^2$=2959.99, $p$=0.00"
문C1) 앞으로 참여하길 희망하는 프로그램은 무엇입니까? (중복응답)1,0.0,11423 (79.51%),2944 (20.49%),
문C1) 앞으로 참여하길 희망하는 프로그램은 무엇입니까? (중복응답)1,1.0,5 (62.50%),3 (37.50%),
문C1) 앞으로 참여하길 희망하는 프로그램은 무엇입니까? (중복응답)1,2.0,15 (83.33%),3 (16.67%),
문C1) 앞으로 참여하길 희망하는 프로그램은 무엇입니까? (중복응답)1,3.0,16 (69.57%),7 (30.43%),
문C1) 앞으로 참여하길 희망하는 프로그램은 무엇입니까? (중복응답)1,4.0,19 (59.38%),13 (40.62%),
문C1) 앞으로 참여하길 희망하는 프로그램은 무엇입니까? (중복응답)1,5.0,55 (67.07%),27 (32.93%),
문C1) 앞으로 참여하길 희망하는 프로그램은 무엇입니까? (중복응답)1,6.0,55 (56.70%),42 (43.30%),
문C1) 앞으로 참여하길 희망하는 프로그램은 무엇입니까? (중복응답)1,7.0,67 (50.00%),67 (50.00%),
문C1) 앞으로 참여하길 희망하는 프로그램은 무엇입니까? (중복응답)1,8.0,66 (36.07%),117 (63.93%),
문C1) 앞으로 참여하길 희망하는 프로그램은 무엇입니까? (중복응답)1,9.0,29 (50.00%),29 (50.00%),
문C1) 앞으로 참여하길 희망하는 프로그램은 무엇입니까? (중복응답)1,10.0,13 (54.17%),11 (45.83%),
문C1) 앞으로 참여하길 희망하는 프로그램은 무엇입니까? (중복응답)1,11.0,48 (70.59%),20 (29.41%),
문C1) 앞으로 참여하길 희망하는 프로그램은 무엇입니까? (중복응답)1,12.0,537 (48.29%),575 (51.71%),
문C1) 앞으로 참여하길 희망하는 프로그램은 무엇입니까? (중복응답)1,13.0,554 (57.11%),416 (42.89%),
문C1) 앞으로 참여하길 희망하는 프로그램은 무엇입니까? (중복응답)1,14.0,1256 (57.61%),924 (42.39%),
문C1) 앞으로 참여하길 희망하는 프로그램은 무엇입니까? (중복응답)1,15.0,183 (54.79%),151 (45.21%),
문C1) 앞으로 참여하길 희망하는 프로그램은 무엇입니까? (중복응답)1,16.0,294 (27.07%),792 (72.93%),
문C1) 앞으로 참여하길 희망하는 프로그램은 무엇입니까? (중복응답)1,17.0,473 (54.49%),395 (45.51%),
문C1) 앞으로 참여하길 희망하는 프로그램은 무엇입니까? (중복응답)1,18.0,852 (58.56%),603 (41.44%),
문C1) 앞으로 참여하길 희망하는 프로그램은 무엇입니까? (중복응답)1,19.0,704 (54.53%),587 (45.47%),
문C1) 앞으로 참여하길 희망하는 프로그램은 무엇입니까? (중복응답)1,20.0,483 (63.22%),281 (36.78%),
문C1) 앞으로 참여하길 희망하는 프로그램은 무엇입니까? (중복응답)1,21.0,221 (32.55%),458 (67.45%),
문C1) 앞으로 참여하길 희망하는 프로그램은 무엇입니까? (중복응답)1,22.0,466 (58.47%),331 (41.53%),
문C1) 앞으로 참여하길 희망하는 프로그램은 무엇입니까? (중복응답)1,23.0,1056 (67.95%),498 (32.05%),
문C1) 앞으로 참여하길 희망하는 프로그램은 무엇입니까? (중복응답)1,24.0,1098 (60.26%),724 (39.74%),
문C1) 앞으로 참여하길 희망하는 프로그램은 무엇입니까? (중복응답)1,25.0,1397 (64.50%),769 (35.50%),
문C1) 앞으로 참여하길 희망하는 프로그램은 무엇입니까? (중복응답)1,26.0,1332 (58.17%),958 (41.83%),
문C1) 앞으로 참여하길 희망하는 프로그램은 무엇입니까? (중복응답)1,27.0,3245 (65.67%),1696 (34.33%),
문C1) 앞으로 참여하길 희망하는 프로그램은 무엇입니까? (중복응답)1,28.0,60 (59.41%),41 (40.59%),
문C1) 앞으로 참여하길 희망하는 프로그램은 무엇입니까? (중복응답)1,29.0,39 (60.00%),26 (40.00%),
문C1) 앞으로 참여하길 희망하는 프로그램은 무엇입니까? (중복응답)1,30.0,43 (81.13%),10 (18.87%),
DQ11. 귀하가 현재 소속되어 있는 직장의 규모는 어느 정도입니까? (사업장^ 상시근로자 기준),0.0,10054 (71.23%),4060 (28.77%),"$\chi^2$=2399.64, $p$=0.00"
DQ11. 귀하가 현재 소속되어 있는 직장의 규모는 어느 정도입니까? (사업장^ 상시근로자 기준),1.0,15810 (70.46%),6629 (29.54%),
DQ11. 귀하가 현재 소속되어 있는 직장의 규모는 어느 정도입니까? (사업장^ 상시근로자 기준),2.0,3905 (56.45%),3013 (43.55%),
DQ11. 귀하가 현재 소속되어 있는 직장의 규모는 어느 정도입니까? (사업장^ 상시근로자 기준),3.0,1962 (49.06%),2037 (50.94%),
DQ11. 귀하가 현재 소속되어 있는 직장의 규모는 어느 정도입니까? (사업장^ 상시근로자 기준),4.0,974 (43.25%),1278 (56.75%),
DQ11. 귀하가 현재 소속되어 있는 직장의 규모는 어느 정도입니까? (사업장^ 상시근로자 기준),5.0,540 (32.99%),1097 (67.01%),
DQ11. 귀하가 현재 소속되어 있는 직장의 규모는 어느 정도입니까? (사업장^ 상시근로자 기준),9.0,5 (71.43%),2 (28.57%),
DQ11. 귀하가 현재 소속되어 있는 직장의 규모는 어느 정도입니까? (사업장^ 상시근로자 기준),99.0,2 (66.67%),1 (33.33%),
DQ1. 귀하의 최종 학력은 어떻게 되십니까?__학교급,1.0,323 (76.90%),97 (23.10%),"$\chi^2$=2386.06, $p$=0.00"
DQ1. 귀하의 최종 학력은 어떻게 되십니까?__학교급,2.0,2883 (78.11%),808 (21.89%),
DQ1. 귀하의 최종 학력은 어떻게 되십니까?__학교급,3.0,3240 (76.07%),1019 (23.93%),
DQ1. 귀하의 최종 학력은 어떻게 되십니까?__학교급,4.0,13807 (71.58%),5481 (28.42%),
DQ1. 귀하의 최종 학력은 어떻게 되십니까?__학교급,5.0,5175 (63.09%),3028 (36.91%),
DQ1. 귀하의 최종 학력은 어떻게 되십니까?__학교급,6.0,7555 (50.96%),7271 (49.04%),
DQ1. 귀하의 최종 학력은 어떻게 되십니까?__학교급,7.0,217 (39.53%),332 (60.47%),
DQ1. 귀하의 최종 학력은 어떻게 되십니까?__학교급,8.0,52 (39.10%),81 (60.90%),
무형식학습 (암묵적 학습) 참여,0.0,18376 (73.83%),6513 (26.17%),"$\chi^2$=1750.63, $p$=0.00"
무형식학습 (암묵적 학습) 참여,1.0,14876 (56.18%),11604 (43.82%),
학습 지향 평균,1.0,20 (80.00%),5 (20.00%),"$\chi^2$=1596.33, $p$=0.00"
학습 지향 평균,1.25,10 (83.33%),2 (16.67%),
학습 지향 평균,1.5,19 (95.00%),1 (5.00%),
학습 지향 평균,1.75,53 (92.98%),4 (7.02%),
학습 지향 평균,2.0,117 (92.86%),9 (7.14%),
학습 지향 평균,2.25,287 (84.91%),51 (15.09%),
학습 지향 평균,2.5,610 (83.11%),124 (16.89%),
학습 지향 평균,2.75,1303 (79.26%),341 (20.74%),
학습 지향 평균,3.0,2553 (75.44%),831 (24.56%),
학습 지향 평균,3.25,3968 (73.25%),1449 (26.75%),
학습 지향 평균,3.5,4931 (69.32%),2182 (30.68%),
학습 지향 평균,3.75,5730 (66.30%),2912 (33.70%),
학습 지향 평균,4.0,5738 (61.64%),3571 (38.36%),
학습 지향 평균,4.25,4370 (56.84%),3318 (43.16%),
학습 지향 평균,4.5,2061 (53.77%),1772 (46.23%),
학습 지향 평균,4.75,921 (49.95%),923 (50.05%),
학습 지향 평균,5.0,561 (47.42%),622 (52.58%),
DQ10. 귀하는 현재 어떤 직업에 종사하고 계십니까?_3.0,0.0,28849 (68.64%),13179 (31.36%),"$\chi^2$=1547.34, $p$=0.00"
DQ10. 귀하는 현재 어떤 직업에 종사하고 계십니까?_3.0,1.0,4403 (47.14%),4938 (52.86%),
문H1) 귀하께서는 전반적으로 현재의 생활에 얼마나 만족하십니까?,0.0,13 (72.22%),5 (27.78%),"$\chi^2$=1506.07, $p$=0.00"
문H1) 귀하께서는 전반적으로 현재의 생활에 얼마나 만족하십니까?,1.0,70 (72.92%),26 (27.08%),
문H1) 귀하께서는 전반적으로 현재의 생활에 얼마나 만족하십니까?,2.0,104 (81.25%),24 (18.75%),
문H1) 귀하께서는 전반적으로 현재의 생활에 얼마나 만족하십니까?,3.0,388 (78.54%),106 (21.46%),
문H1) 귀하께서는 전반적으로 현재의 생활에 얼마나 만족하십니까?,4.0,751 (79.22%),197 (20.78%),
문H1) 귀하께서는 전반적으로 현재의 생활에 얼마나 만족하십니까?,5.0,4301 (77.66%),1237 (22.34%),
문H1) 귀하께서는 전반적으로 현재의 생활에 얼마나 만족하십니까?,6.0,6762 (72.41%),2576 (27.59%),
문H1) 귀하께서는 전반적으로 현재의 생활에 얼마나 만족하십니까?,7.0,10619 (64.64%),5808 (35.36%),
문H1) 귀하께서는 전반적으로 현재의 생활에 얼마나 만족하십니까?,8.0,8411 (57.07%),6327 (42.93%),
문H1) 귀하께서는 전반적으로 현재의 생활에 얼마나 만족하십니까?,9.0,1618 (50.55%),1583 (49.45%),
문H1) 귀하께서는 전반적으로 현재의 생활에 얼마나 만족하십니까?,10.0,215 (48.53%),228 (51.47%),
문H2-1) 평생학습 참여가 삶의 질 향상에 얼마나 도움^ 아직 경험이 없다면 삶의 질 향상에 얼마나 도움이 될 것인지 생각하십니까?__1) 정신적 건강(정서적 안정감),1.0,93 (70.45%),39 (29.55%),"$\chi^2$=1244.44, $p$=0.00"
문H2-1) 평생학습 참여가 삶의 질 향상에 얼마나 도움^ 아직 경험이 없다면 삶의 질 향상에 얼마나 도움이 될 것인지 생각하십니까?__1) 정신적 건강(정서적 안정감),2.0,754 (76.63%),230 (23.37%),
문H2-1) 평생학습 참여가 삶의 질 향상에 얼마나 도움^ 아직 경험이 없다면 삶의 질 향상에 얼마나 도움이 될 것인지 생각하십니까?__1) 정신적 건강(정서적 안정감),3.0,9334 (75.75%),2988 (24.25%),
문H2-1) 평생학습 참여가 삶의 질 향상에 얼마나 도움^ 아직 경험이 없다면 삶의 질 향상에 얼마나 도움이 될 것인지 생각하십니까?__1) 정신적 건강(정서적 안정감),4.0,20321 (62.47%),12206 (37.53%),
문H2-1) 평생학습 참여가 삶의 질 향상에 얼마나 도움^ 아직 경험이 없다면 삶의 질 향상에 얼마나 도움이 될 것인지 생각하십니까?__1) 정신적 건강(정서적 안정감),5.0,2750 (50.89%),2654 (49.11%),
연령별(1),1.0,4460 (54.90%),3664 (45.10%),"$\chi^2$=1172.58, $p$=0.00"
연령별(1),2.0,5789 (59.03%),4018 (40.97%),
연령별(1),3.0,6714 (62.82%),3974 (37.18%),
연령별(1),4.0,7902 (68.16%),3691 (31.84%),
연령별(1),5.0,6845 (73.39%),2482 (26.61%),
연령별(1),6.0,1542 (84.26%),288 (15.74%),
DQ9. 귀하의 현재 고용형태는 어떻게 되십니까?_1.0,0.0,20102 (70.96%),8228 (29.04%),"$\chi^2$=1071.53, $p$=0.00"
DQ9. 귀하의 현재 고용형태는 어떻게 되십니까?_1.0,1.0,13150 (57.08%),9889 (42.92%),
만 연령,25.0,909 (57.06%),684 (42.94%),"$\chi^2$=982.35, $p$=0.00"
만 연령,26.0,650 (56.33%),504 (43.67%),
만 연령,27.0,554 (53.58%),480 (46.42%),
만 연령,28.0,493 (52.78%),441 (47.22%),
만 연령,29.0,479 (57.02%),361 (42.98%),
만 연령,30.0,437 (54.83%),360 (45.17%),
만 연령,31.0,455 (57.16%),341 (42.84%),
만 연령,32.0,496 (58.91%),346 (41.09%),
만 연령,33.0,486 (57.18%),364 (42.82%),
만 연령,34.0,518 (58.07%),374 (41.93%),
만 연령,35.0,691 (58.02%),500 (41.98%),
만 연령,36.0,623 (59.22%),429 (40.78%),
만 연령,37.0,576 (59.44%),393 (40.56%),
만 연령,38.0,568 (60.04%),378 (39.96%),
만 연령,39.0,596 (60.14%),395 (39.86%),
만 연령,40.0,546 (59.03%),379 (40.97%),
만 연령,41.0,582 (60.56%),379 (39.44%),
만 연령,42.0,606 (60.48%),396 (39.52%),
만 연령,43.0,580 (60.73%),375 (39.27%),
만 연령,44.0,568 (58.62%),401 (41.38%),
만 연령,45.0,587 (61.15%),373 (38.85%),
만 연령,46.0,601 (63.40%),347 (36.60%),
만 연령,47.0,634 (63.34%),367 (36.66%),
만 연령,48.0,597 (62.58%),357 (37.42%),
만 연령,49.0,688 (64.78%),374 (35.22%),
만 연령,50.0,690 (63.01%),405 (36.99%),
만 연령,51.0,786 (63.44%),453 (36.56%),
만 연령,52.0,926 (65.44%),489 (34.56%),
만 연령,53.0,956 (65.93%),494 (34.07%),
만 연령,54.0,865 (65.93%),447 (34.07%),
만 연령,55.0,753 (64.80%),409 (35.20%),
만 연령,56.0,781 (68.03%),367 (31.97%),
만 연령,57.0,804 (66.61%),403 (33.39%),
만 연령,58.0,802 (69.68%),349 (30.32%),
만 연령,59.0,804 (68.60%),368 (31.40%),
만 연령,60.0,811 (69.43%),357 (30.57%),
만 연령,61.0,755 (71.43%),302 (28.57%),
만 연령,62.0,821 (72.02%),319 (27.98%),
만 연령,63.0,831 (73.47%),300 (26.53%),
만 연령,64.0,722 (72.86%),269 (27.14%),
만 연령,65.0,767 (72.91%),285 (27.09%),
만 연령,66.0,654 (71.87%),256 (28.13%),
만 연령,67.0,574 (72.84%),214 (27.16%),
만 연령,68.0,565 (73.00%),209 (27.00%),
만 연령,69.0,513 (73.81%),182 (26.19%),
만 연령,70.0,484 (75.62%),156 (24.38%),
만 연령,71.0,465 (73.11%),171 (26.89%),
만 연령,72.0,381 (74.41%),131 (25.59%),
만 연령,73.0,359 (72.67%),135 (27.33%),
만 연령,74.0,350 (75.59%),113 (24.41%),
만 연령,75.0,331 (74.72%),112 (25.28%),
만 연령,76.0,328 (77.18%),97 (22.82%),
만 연령,77.0,359 (77.37%),105 (22.63%),
만 연령,78.0,333 (80.83%),79 (19.17%),
만 연령,79.0,162 (79.02%),43 (20.98%),
직업관련 목표지향 평균,1.0,11 (73.33%),4 (26.67%),"$\chi^2$=975.69, $p$=0.00"
직업관련 목표지향 평균,1.3333333333333333,10 (76.92%),3 (23.08%),
직업관련 목표지향 평균,1.6666666666666667,35 (87.50%),5 (12.50%),
직업관련 목표지향 평균,2.0,119 (90.84%),12 (9.16%),
직업관련 목표지향 평균,2.3333333333333335,411 (79.04%),109 (20.96%),
직업관련 목표지향 평균,2.6666666666666665,1118 (76.84%),337 (23.16%),
직업관련 목표지향 평균,3.0,2277 (74.10%),796 (25.90%),
직업관련 목표지향 평균,3.3333333333333335,4802 (70.99%),1962 (29.01%),
직업관련 목표지향 평균,3.6666666666666665,8382 (67.13%),4104 (32.87%),
직업관련 목표지향 평균,4.0,6399 (64.48%),3525 (35.52%),
직업관련 목표지향 평균,4.333333333333333,6092 (60.04%),4055 (39.96%),
직업관련 목표지향 평균,4.666666666666667,2673 (53.51%),2322 (46.49%),
직업관련 목표지향 평균,5.0,923 (51.11%),883 (48.89%),
문G1-3) 지난 한 해 동안 동아리에서 활동한 적이 있습니까? 있다면^ 몇 회 정도 참여하셨습니까?__참여횟수,0.0,17837 (71.16%),7228 (28.84%),"$\chi^2$=973.58, $p$=0.00"
문G1-3) 지난 한 해 동안 동아리에서 활동한 적이 있습니까? 있다면^ 몇 회 정도 참여하셨습니까?__참여횟수,1.0,1152 (64.29%),640 (35.71%),
문G1-3) 지난 한 해 동안 동아리에서 활동한 적이 있습니까? 있다면^ 몇 회 정도 참여하셨습니까?__참여횟수,2.0,4256 (59.54%),2892 (40.46%),
문G1-3) 지난 한 해 동안 동아리에서 활동한 적이 있습니까? 있다면^ 몇 회 정도 참여하셨습니까?__참여횟수,3.0,2954 (59.40%),2019 (40.60%),
문G1-3) 지난 한 해 동안 동아리에서 활동한 적이 있습니까? 있다면^ 몇 회 정도 참여하셨습니까?__참여횟수,4.0,1355 (58.56%),959 (41.44%),
문G1-3) 지난 한 해 동안 동아리에서 활동한 적이 있습니까? 있다면^ 몇 회 정도 참여하셨습니까?__참여횟수,5.0,1158 (58.19%),832 (41.81%),
문G1-3) 지난 한 해 동안 동아리에서 활동한 적이 있습니까? 있다면^ 몇 회 정도 참여하셨습니까?__참여횟수,6.0,1942 (55.49%),1558 (44.51%),
문G1-3) 지난 한 해 동안 동아리에서 활동한 적이 있습니까? 있다면^ 몇 회 정도 참여하셨습니까?__참여횟수,7.0,126 (58.88%),88 (41.12%),
문G1-3) 지난 한 해 동안 동아리에서 활동한 적이 있습니까? 있다면^ 몇 회 정도 참여하셨습니까?__참여횟수,8.0,238 (61.98%),146 (38.02%),
문G1-3) 지난 한 해 동안 동아리에서 활동한 적이 있습니까? 있다면^ 몇 회 정도 참여하셨습니까?__참여횟수,9.0,31 (70.45%),13 (29.55%),
문G1-3) 지난 한 해 동안 동아리에서 활동한 적이 있습니까? 있다면^ 몇 회 정도 참여하셨습니까?__참여횟수,10.0,683 (57.01%),515 (42.99%),
문G1-3) 지난 한 해 동안 동아리에서 활동한 적이 있습니까? 있다면^ 몇 회 정도 참여하셨습니까?__참여횟수,11.0,3 (75.00%),1 (25.00%),
문G1-3) 지난 한 해 동안 동아리에서 활동한 적이 있습니까? 있다면^ 몇 회 정도 참여하셨습니까?__참여횟수,12.0,862 (57.77%),630 (42.23%),
문G1-3) 지난 한 해 동안 동아리에서 활동한 적이 있습니까? 있다면^ 몇 회 정도 참여하셨습니까?__참여횟수,13.0,15 (68.18%),7 (31.82%),
문G1-3) 지난 한 해 동안 동아리에서 활동한 적이 있습니까? 있다면^ 몇 회 정도 참여하셨습니까?__참여횟수,14.0,9 (47.37%),10 (52.63%),
문G1-3) 지난 한 해 동안 동아리에서 활동한 적이 있습니까? 있다면^ 몇 회 정도 참여하셨습니까?__참여횟수,15.0,172 (58.70%),121 (41.30%),
문G1-3) 지난 한 해 동안 동아리에서 활동한 적이 있습니까? 있다면^ 몇 회 정도 참여하셨습니까?__참여횟수,16.0,18 (54.55%),15 (45.45%),
문G1-3) 지난 한 해 동안 동아리에서 활동한 적이 있습니까? 있다면^ 몇 회 정도 참여하셨습니까?__참여횟수,17.0,2 (40.00%),3 (60.00%),
문G1-3) 지난 한 해 동안 동아리에서 활동한 적이 있습니까? 있다면^ 몇 회 정도 참여하셨습니까?__참여횟수,18.0,17 (48.57%),18 (51.43%),
문G1-3) 지난 한 해 동안 동아리에서 활동한 적이 있습니까? 있다면^ 몇 회 정도 참여하셨습니까?__참여횟수,20.0,202 (51.01%),194 (48.99%),
문G1-3) 지난 한 해 동안 동아리에서 활동한 적이 있습니까? 있다면^ 몇 회 정도 참여하셨습니까?__참여횟수,21.0,2 (66.67%),1 (33.33%),
문G1-3) 지난 한 해 동안 동아리에서 활동한 적이 있습니까? 있다면^ 몇 회 정도 참여하셨습니까?__참여횟수,24.0,87 (48.88%),91 (51.12%),
문G1-3) 지난 한 해 동안 동아리에서 활동한 적이 있습니까? 있다면^ 몇 회 정도 참여하셨습니까?__참여횟수,25.0,22 (51.16%),21 (48.84%),
문G1-3) 지난 한 해 동안 동아리에서 활동한 적이 있습니까? 있다면^ 몇 회 정도 참여하셨습니까?__참여횟수,28.0,6 (60.00%),4 (40.00%),
문G1-3) 지난 한 해 동안 동아리에서 활동한 적이 있습니까? 있다면^ 몇 회 정도 참여하셨습니까?__참여횟수,30.0,52 (55.32%),42 (44.68%),
문G1-3) 지난 한 해 동안 동아리에서 활동한 적이 있습니까? 있다면^ 몇 회 정도 참여하셨습니까?__참여횟수,36.0,5 (33.33%),10 (66.67%),
문G1-3) 지난 한 해 동안 동아리에서 활동한 적이 있습니까? 있다면^ 몇 회 정도 참여하셨습니까?__참여횟수,40.0,14 (58.33%),10 (41.67%),
문G1-3) 지난 한 해 동안 동아리에서 활동한 적이 있습니까? 있다면^ 몇 회 정도 참여하셨습니까?__참여횟수,45.0,1 (50.00%),1 (50.00%),
문G1-3) 지난 한 해 동안 동아리에서 활동한 적이 있습니까? 있다면^ 몇 회 정도 참여하셨습니까?__참여횟수,48.0,7 (50.00%),7 (50.00%),
문G1-3) 지난 한 해 동안 동아리에서 활동한 적이 있습니까? 있다면^ 몇 회 정도 참여하셨습니까?__참여횟수,50.0,14 (45.16%),17 (54.84%),
문G1-3) 지난 한 해 동안 동아리에서 활동한 적이 있습니까? 있다면^ 몇 회 정도 참여하셨습니까?__참여횟수,60.0,2 (18.18%),9 (81.82%),
문G1-3) 지난 한 해 동안 동아리에서 활동한 적이 있습니까? 있다면^ 몇 회 정도 참여하셨습니까?__참여횟수,96.0,2 (66.67%),1 (33.33%),
문E1-2) 자신의 학습패턴에 관하여 어느 정도 동의하시는지 동의 정도를 말씀해주시기 바랍니다.__나는 인터넷강의 또는 컴퓨터(전자책^ 태블릿 PC^스마트폰)를 활용한 학습이 익숙하고 잘된다.,1.0,4925 (74.49%),1687 (25.51%),"$\chi^2$=860.88, $p$=0.00"
문E1-2) 자신의 학습패턴에 관하여 어느 정도 동의하시는지 동의 정도를 말씀해주시기 바랍니다.__나는 인터넷강의 또는 컴퓨터(전자책^ 태블릿 PC^스마트폰)를 활용한 학습이 익숙하고 잘된다.,2.0,7817 (69.58%),3417 (30.42%),
문E1-2) 자신의 학습패턴에 관하여 어느 정도 동의하시는지 동의 정도를 말씀해주시기 바랍니다.__나는 인터넷강의 또는 컴퓨터(전자책^ 태블릿 PC^스마트폰)를 활용한 학습이 익숙하고 잘된다.,3.0,9435 (65.89%),4885 (34.11%),
문E1-2) 자신의 학습패턴에 관하여 어느 정도 동의하시는지 동의 정도를 말씀해주시기 바랍니다.__나는 인터넷강의 또는 컴퓨터(전자책^ 태블릿 PC^스마트폰)를 활용한 학습이 익숙하고 잘된다.,4.0,8883 (58.84%),6214 (41.16%),
문E1-2) 자신의 학습패턴에 관하여 어느 정도 동의하시는지 동의 정도를 말씀해주시기 바랍니다.__나는 인터넷강의 또는 컴퓨터(전자책^ 태블릿 PC^스마트폰)를 활용한 학습이 익숙하고 잘된다.,5.0,2192 (53.39%),1914 (46.61%),
무형식학습(온라인) 참여,0.0,10709 (74.63%),3641 (25.37%),"$\chi^2$=853.49, $p$=0.00"
무형식학습(온라인) 참여,1.0,22543 (60.90%),14476 (39.10%),
문H2-1) 평생학습 참여가 삶의 질 향상에 얼마나 도움^ 아직 경험이 없다면 삶의 질 향상에 얼마나 도움이 될 것인지 생각하십니까?__2) 육체적 건강,1.0,143 (65.90%),74 (34.10%),"$\chi^2$=738.31, $p$=0.00"
문H2-1) 평생학습 참여가 삶의 질 향상에 얼마나 도움^ 아직 경험이 없다면 삶의 질 향상에 얼마나 도움이 될 것인지 생각하십니까?__2) 육체적 건강,2.0,1699 (70.64%),706 (29.36%),
문H2-1) 평생학습 참여가 삶의 질 향상에 얼마나 도움^ 아직 경험이 없다면 삶의 질 향상에 얼마나 도움이 될 것인지 생각하십니까?__2) 육체적 건강,3.0,11607 (71.09%),4721 (28.91%),
문H2-1) 평생학습 참여가 삶의 질 향상에 얼마나 도움^ 아직 경험이 없다면 삶의 질 향상에 얼마나 도움이 될 것인지 생각하십니까?__2) 육체적 건강,4.0,15942 (63.20%),9281 (36.80%),
문H2-1) 평생학습 참여가 삶의 질 향상에 얼마나 도움^ 아직 경험이 없다면 삶의 질 향상에 얼마나 도움이 될 것인지 생각하십니까?__2) 육체적 건강,5.0,3861 (53.65%),3335 (46.35%),
문C1) 앞으로 참여하길 희망하는 프로그램은 무엇입니까? (3)직업능력향상교육,0.0,29955 (66.84%),14864 (33.16%),"$\chi^2$=680.75, $p$=0.00"
문C1) 앞으로 참여하길 희망하는 프로그램은 무엇입니까? (3)직업능력향상교육,1.0,3297 (50.34%),3253 (49.66%),
문E1-4) 자신의 학습패턴에 관하여 어느 정도 동의하시는지 동의 정도를 말씀해주시기 바랍니다.__나는 다른 사람들과 함께 공부 하는 것이 좋다.,1.0,1607 (77.82%),458 (22.18%),"$\chi^2$=655.10, $p$=0.00"
문E1-4) 자신의 학습패턴에 관하여 어느 정도 동의하시는지 동의 정도를 말씀해주시기 바랍니다.__나는 다른 사람들과 함께 공부 하는 것이 좋다.,2.0,7255 (69.83%),3135 (30.17%),
문E1-4) 자신의 학습패턴에 관하여 어느 정도 동의하시는지 동의 정도를 말씀해주시기 바랍니다.__나는 다른 사람들과 함께 공부 하는 것이 좋다.,3.0,12932 (66.45%),6528 (33.55%),
문E1-4) 자신의 학습패턴에 관하여 어느 정도 동의하시는지 동의 정도를 말씀해주시기 바랍니다.__나는 다른 사람들과 함께 공부 하는 것이 좋다.,4.0,10359 (59.89%),6939 (40.11%),
문E1-4) 자신의 학습패턴에 관하여 어느 정도 동의하시는지 동의 정도를 말씀해주시기 바랍니다.__나는 다른 사람들과 함께 공부 하는 것이 좋다.,5.0,1099 (50.97%),1057 (49.03%),
DQ2. 귀하께서는 자녀가 있으십니까? 있다면^ 귀하의 막내자녀는 현재 어떤 상태입니까?,1.0,7926 (58.15%),5704 (41.85%),"$\chi^2$=636.56, $p$=0.00"
DQ2. 귀하께서는 자녀가 있으십니까? 있다면^ 귀하의 막내자녀는 현재 어떤 상태입니까?,2.0,2507 (60.81%),1616 (39.19%),
DQ2. 귀하께서는 자녀가 있으십니까? 있다면^ 귀하의 막내자녀는 현재 어떤 상태입니까?,3.0,2322 (60.48%),1517 (39.52%),
DQ2. 귀하께서는 자녀가 있으십니까? 있다면^ 귀하의 막내자녀는 현재 어떤 상태입니까?,4.0,1198 (61.03%),765 (38.97%),
DQ2. 귀하께서는 자녀가 있으십니까? 있다면^ 귀하의 막내자녀는 현재 어떤 상태입니까?,5.0,1365 (62.85%),807 (37.15%),
DQ2. 귀하께서는 자녀가 있으십니까? 있다면^ 귀하의 막내자녀는 현재 어떤 상태입니까?,6.0,17934 (69.94%),7708 (30.06%),
Year,2018.0,7148 (60.85%),4599 (39.15%),"$\chi^2$=634.97, $p$=0.00"
Year,2019.0,5971 (59.87%),4002 (40.13%),
Year,2020.0,5949 (60.85%),3827 (39.15%),
Year,2021.0,6988 (70.55%),2917 (29.45%),
Year,2022.0,7196 (72.19%),2772 (27.81%),
문H2-1) 평생학습 참여가 삶의 질 향상에 얼마나 도움^ 아직 경험이 없다면 삶의 질 향상에 얼마나 도움이 될 것인지 생각하십니까?__3) 사회참여 만족도,1.0,129 (73.71%),46 (26.29%),"$\chi^2$=605.13, $p$=0.00"
문H2-1) 평생학습 참여가 삶의 질 향상에 얼마나 도움^ 아직 경험이 없다면 삶의 질 향상에 얼마나 도움이 될 것인지 생각하십니까?__3) 사회참여 만족도,2.0,1549 (75.67%),498 (24.33%),
문H2-1) 평생학습 참여가 삶의 질 향상에 얼마나 도움^ 아직 경험이 없다면 삶의 질 향상에 얼마나 도움이 될 것인지 생각하십니까?__3) 사회참여 만족도,3.0,11284 (70.86%),4641 (29.14%),
문H2-1) 평생학습 참여가 삶의 질 향상에 얼마나 도움^ 아직 경험이 없다면 삶의 질 향상에 얼마나 도움이 될 것인지 생각하십니까?__3) 사회참여 만족도,4.0,17049 (61.78%),10549 (38.22%),
문H2-1) 평생학습 참여가 삶의 질 향상에 얼마나 도움^ 아직 경험이 없다면 삶의 질 향상에 얼마나 도움이 될 것인지 생각하십니까?__3) 사회참여 만족도,5.0,3241 (57.63%),2383 (42.37%),
DQ6. 귀하께서는 건강에 자신 있습니까?_3,0.0,28609 (62.99%),16808 (37.01%),"$\chi^2$=519.05, $p$=0.00"
DQ6. 귀하께서는 건강에 자신 있습니까?_3,1.0,4643 (78.01%),1309 (21.99%),
DQ12. 귀하의 현재 직장에서의 근무기간은 얼마나 되십니까?__년,-1.0,10054 (71.23%),4060 (28.77%),"$\chi^2$=518.23, $p$=0.00"
DQ12. 귀하의 현재 직장에서의 근무기간은 얼마나 되십니까?__년,0.0,977 (61.06%),623 (38.94%),
DQ12. 귀하의 현재 직장에서의 근무기간은 얼마나 되십니까?__년,1.0,1627 (61.23%),1030 (38.77%),
DQ12. 귀하의 현재 직장에서의 근무기간은 얼마나 되십니까?__년,2.0,1809 (59.96%),1208 (40.04%),
DQ12. 귀하의 현재 직장에서의 근무기간은 얼마나 되십니까?__년,3.0,2120 (60.52%),1383 (39.48%),
DQ12. 귀하의 현재 직장에서의 근무기간은 얼마나 되십니까?__년,4.0,982 (57.94%),713 (42.06%),
DQ12. 귀하의 현재 직장에서의 근무기간은 얼마나 되십니까?__년,5.0,2350 (63.21%),1368 (36.79%),
DQ12. 귀하의 현재 직장에서의 근무기간은 얼마나 되십니까?__년,6.0,987 (60.81%),636 (39.19%),
DQ12. 귀하의 현재 직장에서의 근무기간은 얼마나 되십니까?__년,7.0,922 (61.10%),587 (38.90%),
DQ12. 귀하의 현재 직장에서의 근무기간은 얼마나 되십니까?__년,8.0,818 (58.64%),577 (41.36%),
DQ12. 귀하의 현재 직장에서의 근무기간은 얼마나 되십니까?__년,9.0,226 (58.10%),163 (41.90%),
DQ12. 귀하의 현재 직장에서의 근무기간은 얼마나 되십니까?__년,10.0,2245 (63.89%),1269 (36.11%),
DQ12. 귀하의 현재 직장에서의 근무기간은 얼마나 되십니까?__년,11.0,229 (59.79%),154 (40.21%),
DQ12. 귀하의 현재 직장에서의 근무기간은 얼마나 되십니까?__년,12.0,713 (62.65%),425 (37.35%),
DQ12. 귀하의 현재 직장에서의 근무기간은 얼마나 되십니까?__년,13.0,302 (61.76%),187 (38.24%),
DQ12. 귀하의 현재 직장에서의 근무기간은 얼마나 되십니까?__년,14.0,143 (58.37%),102 (41.63%),
DQ12. 귀하의 현재 직장에서의 근무기간은 얼마나 되십니까?__년,15.0,1551 (66.65%),776 (33.35%),
DQ12. 귀하의 현재 직장에서의 근무기간은 얼마나 되십니까?__년,16.0,176 (59.66%),119 (40.34%),
DQ12. 귀하의 현재 직장에서의 근무기간은 얼마나 되십니까?__년,17.0,182 (63.41%),105 (36.59%),
DQ12. 귀하의 현재 직장에서의 근무기간은 얼마나 되십니까?__년,18.0,275 (62.36%),166 (37.64%),
DQ12. 귀하의 현재 직장에서의 근무기간은 얼마나 되십니까?__년,19.0,58 (57.43%),43 (42.57%),
DQ12. 귀하의 현재 직장에서의 근무기간은 얼마나 되십니까?__년,20.0,1570 (64.50%),864 (35.50%),
DQ12. 귀하의 현재 직장에서의 근무기간은 얼마나 되십니까?__년,21.0,75 (61.48%),47 (38.52%),
DQ12. 귀하의 현재 직장에서의 근무기간은 얼마나 되십니까?__년,22.0,129 (66.15%),66 (33.85%),
DQ12. 귀하의 현재 직장에서의 근무기간은 얼마나 되십니까?__년,23.0,88 (57.89%),64 (42.11%),
DQ12. 귀하의 현재 직장에서의 근무기간은 얼마나 되십니까?__년,24.0,52 (55.91%),41 (44.09%),
DQ12. 귀하의 현재 직장에서의 근무기간은 얼마나 되십니까?__년,25.0,630 (67.02%),310 (32.98%),
DQ12. 귀하의 현재 직장에서의 근무기간은 얼마나 되십니까?__년,26.0,45 (55.56%),36 (44.44%),
DQ12. 귀하의 현재 직장에서의 근무기간은 얼마나 되십니까?__년,27.0,64 (56.64%),49 (43.36%),
DQ12. 귀하의 현재 직장에서의 근무기간은 얼마나 되십니까?__년,28.0,109 (66.06%),56 (33.94%),
DQ12. 귀하의 현재 직장에서의 근무기간은 얼마나 되십니까?__년,29.0,22 (56.41%),17 (43.59%),
DQ12. 귀하의 현재 직장에서의 근무기간은 얼마나 되십니까?__년,30.0,774 (67.36%),375 (32.64%),
DQ12. 귀하의 현재 직장에서의 근무기간은 얼마나 되십니까?__년,31.0,14 (50.00%),14 (50.00%),
DQ12. 귀하의 현재 직장에서의 근무기간은 얼마나 되십니까?__년,32.0,43 (63.24%),25 (36.76%),
DQ12. 귀하의 현재 직장에서의 근무기간은 얼마나 되십니까?__년,33.0,21 (60.00%),14 (40.00%),
DQ12. 귀하의 현재 직장에서의 근무기간은 얼마나 되십니까?__년,34.0,13 (43.33%),17 (56.67%),
DQ12. 귀하의 현재 직장에서의 근무기간은 얼마나 되십니까?__년,35.0,174 (70.45%),73 (29.55%),
DQ12. 귀하의 현재 직장에서의 근무기간은 얼마나 되십니까?__년,36.0,21 (60.00%),14 (40.00%),
DQ12. 귀하의 현재 직장에서의 근무기간은 얼마나 되십니까?__년,37.0,9 (52.94%),8 (47.06%),
DQ12. 귀하의 현재 직장에서의 근무기간은 얼마나 되십니까?__년,38.0,20 (58.82%),14 (41.18%),
DQ12. 귀하의 현재 직장에서의 근무기간은 얼마나 되십니까?__년,39.0,8 (66.67%),4 (33.33%),
DQ12. 귀하의 현재 직장에서의 근무기간은 얼마나 되십니까?__년,40.0,315 (71.43%),126 (28.57%),
DQ12. 귀하의 현재 직장에서의 근무기간은 얼마나 되십니까?__년,41.0,5 (83.33%),1 (16.67%),
DQ12. 귀하의 현재 직장에서의 근무기간은 얼마나 되십니까?__년,42.0,7 (50.00%),7 (50.00%),
DQ12. 귀하의 현재 직장에서의 근무기간은 얼마나 되십니까?__년,43.0,8 (50.00%),8 (50.00%),
DQ12. 귀하의 현재 직장에서의 근무기간은 얼마나 되십니까?__년,44.0,7 (77.78%),2 (22.22%),
DQ12. 귀하의 현재 직장에서의 근무기간은 얼마나 되십니까?__년,45.0,73 (67.59%),35 (32.41%),
DQ12. 귀하의 현재 직장에서의 근무기간은 얼마나 되십니까?__년,46.0,6 (75.00%),2 (25.00%),
DQ12. 귀하의 현재 직장에서의 근무기간은 얼마나 되십니까?__년,48.0,10 (58.82%),7 (41.18%),
DQ12. 귀하의 현재 직장에서의 근무기간은 얼마나 되십니까?__년,49.0,5 (83.33%),1 (16.67%),
DQ12. 귀하의 현재 직장에서의 근무기간은 얼마나 되십니까?__년,50.0,128 (55.65%),102 (44.35%),
DQ12. 귀하의 현재 직장에서의 근무기간은 얼마나 되십니까?__년,51.0,2 (66.67%),1 (33.33%),
DQ12. 귀하의 현재 직장에서의 근무기간은 얼마나 되십니까?__년,52.0,7 (50.00%),7 (50.00%),
DQ12. 귀하의 현재 직장에서의 근무기간은 얼마나 되십니까?__년,53.0,3 (75.00%),1 (25.00%),
DQ12. 귀하의 현재 직장에서의 근무기간은 얼마나 되십니까?__년,54.0,4 (80.00%),1 (20.00%),
DQ12. 귀하의 현재 직장에서의 근무기간은 얼마나 되십니까?__년,55.0,13 (72.22%),5 (27.78%),
DQ12. 귀하의 현재 직장에서의 근무기간은 얼마나 되십니까?__년,57.0,3 (60.00%),2 (40.00%),
DQ12. 귀하의 현재 직장에서의 근무기간은 얼마나 되십니까?__년,59.0,1 (33.33%),2 (66.67%),
DQ12. 귀하의 현재 직장에서의 근무기간은 얼마나 되십니까?__년,60.0,12 (80.00%),3 (20.00%),
DQ12. 귀하의 현재 직장에서의 근무기간은 얼마나 되십니까?__년,99.0,3 (75.00%),1 (25.00%),
문H2-1) 평생학습 참여가 삶의 질 향상에 얼마나 도움^ 아직 경험이 없다면 삶의 질 향상에 얼마나 도움이 될 것인지 생각하십니까?__4) 경제적 안정감,1.0,711 (72.55%),269 (27.45%),"$\chi^2$=472.84, $p$=0.00"
문H2-1) 평생학습 참여가 삶의 질 향상에 얼마나 도움^ 아직 경험이 없다면 삶의 질 향상에 얼마나 도움이 될 것인지 생각하십니까?__4) 경제적 안정감,2.0,5383 (70.91%),2208 (29.09%),
문H2-1) 평생학습 참여가 삶의 질 향상에 얼마나 도움^ 아직 경험이 없다면 삶의 질 향상에 얼마나 도움이 될 것인지 생각하십니까?__4) 경제적 안정감,3.0,15703 (66.95%),7753 (33.05%),
문H2-1) 평생학습 참여가 삶의 질 향상에 얼마나 도움^ 아직 경험이 없다면 삶의 질 향상에 얼마나 도움이 될 것인지 생각하십니까?__4) 경제적 안정감,4.0,10459 (59.61%),7088 (40.39%),
문H2-1) 평생학습 참여가 삶의 질 향상에 얼마나 도움^ 아직 경험이 없다면 삶의 질 향상에 얼마나 도움이 될 것인지 생각하십니까?__4) 경제적 안정감,5.0,996 (55.49%),799 (44.51%),
월 가구소득,1.0,1896 (74.79%),639 (25.21%),"$\chi^2$=458.38, $p$=0.00"
월 가구소득,2.0,5521 (71.40%),2212 (28.60%),
월 가구소득,3.0,12301 (65.83%),6386 (34.17%),
월 가구소득,4.0,13376 (60.38%),8776 (39.62%),
월 가구소득,5.0,158 (60.31%),104 (39.69%),
DQ10. 귀하는 현재 어떤 직업에 종사하고 계십니까?_5.0,0.0,27591 (62.90%),16274 (37.10%),"$\chi^2$=440.82, $p$=0.00"
DQ10. 귀하는 현재 어떤 직업에 종사하고 계십니까?_5.0,1.0,5661 (75.44%),1843 (24.56%),
문E1-3) 자신의 학습패턴에 관하여 어느 정도 동의하시는지 동의 정도를 말씀해주시기 바랍니다.__나는 혼자서 공부하는 것이 익숙하고 좋다.,1.0,2360 (74.61%),803 (25.39%),"$\chi^2$=436.39, $p$=0.00"
문E1-3) 자신의 학습패턴에 관하여 어느 정도 동의하시는지 동의 정도를 말씀해주시기 바랍니다.__나는 혼자서 공부하는 것이 익숙하고 좋다.,2.0,7638 (68.90%),3448 (31.10%),
문E1-3) 자신의 학습패턴에 관하여 어느 정도 동의하시는지 동의 정도를 말씀해주시기 바랍니다.__나는 혼자서 공부하는 것이 익숙하고 좋다.,3.0,11643 (65.53%),6125 (34.47%),
문E1-3) 자신의 학습패턴에 관하여 어느 정도 동의하시는지 동의 정도를 말씀해주시기 바랍니다.__나는 혼자서 공부하는 것이 익숙하고 좋다.,4.0,10264 (60.61%),6671 (39.39%),
문E1-3) 자신의 학습패턴에 관하여 어느 정도 동의하시는지 동의 정도를 말씀해주시기 바랍니다.__나는 혼자서 공부하는 것이 익숙하고 좋다.,5.0,1347 (55.73%),1070 (44.27%),
취약계층,0.0,13119 (60.40%),8601 (39.60%),"$\chi^2$=435.82, $p$=0.00"
취약계층,1.0,19036 (67.23%),9280 (32.77%),
취약계층,2.0,1097 (82.30%),236 (17.70%),
DQ6. 귀하께서는 건강에 자신 있습니까?_1,0.0,22833 (67.91%),10788 (32.09%),"$\chi^2$=430.98, $p$=0.00"
DQ6. 귀하께서는 건강에 자신 있습니까?_1,1.0,10419 (58.71%),7329 (41.29%),
무형식학습(의존형) 참여,0.0,7165 (73.74%),2551 (26.26%),"$\chi^2$=425.85, $p$=0.00"
무형식학습(의존형) 참여,1.0,26087 (62.63%),15566 (37.37%),
DQ10. 귀하는 현재 어떤 직업에 종사하고 계십니까?_2.0,0.0,32694 (65.47%),17246 (34.53%),"$\chi^2$=423.55, $p$=0.00"
DQ10. 귀하는 현재 어떤 직업에 종사하고 계십니까?_2.0,1.0,558 (39.05%),871 (60.95%),
DQ12. 귀하의 현재 직장에서의 근무기간은 얼마나 되십니까?__개월,-1.0,10054 (71.23%),4060 (28.77%),"$\chi^2$=420.50, $p$=0.00"
DQ12. 귀하의 현재 직장에서의 근무기간은 얼마나 되십니까?__개월,0.0,12771 (63.11%),7465 (36.89%),
DQ12. 귀하의 현재 직장에서의 근무기간은 얼마나 되십니까?__개월,1.0,524 (56.10%),410 (43.90%),
DQ12. 귀하의 현재 직장에서의 근무기간은 얼마나 되십니까?__개월,2.0,1508 (62.21%),916 (37.79%),
DQ12. 귀하의 현재 직장에서의 근무기간은 얼마나 되십니까?__개월,3.0,1467 (62.51%),880 (37.49%),
DQ12. 귀하의 현재 직장에서의 근무기간은 얼마나 되십니까?__개월,4.0,656 (58.10%),473 (41.90%),
DQ12. 귀하의 현재 직장에서의 근무기간은 얼마나 되십니까?__개월,5.0,1545 (63.87%),874 (36.13%),
DQ12. 귀하의 현재 직장에서의 근무기간은 얼마나 되십니까?__개월,6.0,2580 (58.80%),1808 (41.20%),
DQ12. 귀하의 현재 직장에서의 근무기간은 얼마나 되십니까?__개월,7.0,501 (63.58%),287 (36.42%),
DQ12. 귀하의 현재 직장에서의 근무기간은 얼마나 되십니까?__개월,8.0,813 (63.12%),475 (36.88%),
DQ12. 귀하의 현재 직장에서의 근무기간은 얼마나 되십니까?__개월,9.0,320 (65.57%),168 (34.43%),
DQ12. 귀하의 현재 직장에서의 근무기간은 얼마나 되십니까?__개월,10.0,452 (63.04%),265 (36.96%),
DQ12. 귀하의 현재 직장에서의 근무기간은 얼마나 되십니까?__개월,11.0,58 (63.04%),34 (36.96%),
DQ12. 귀하의 현재 직장에서의 근무기간은 얼마나 되십니까?__개월,99.0,3 (75.00%),1 (25.00%),
경활상태,1.0,8460 (72.66%),3184 (27.34%),"$\chi^2$=419.31, $p$=0.00"
경활상태,2.0,1594 (64.53%),876 (35.47%),
경활상태,3.0,23198 (62.27%),14057 (37.73%),
문E1-1) 자신의 학습패턴에 관하여 어느 정도 동의하시는지 동의 정도를 말씀해주시기 바랍니다.__나는 책이나 판서 수업 중심으로 공부하는 것이 익숙하고 잘된다.,1.0,1658 (76.97%),496 (23.03%),"$\chi^2$=368.07, $p$=0.00"
문E1-1) 자신의 학습패턴에 관하여 어느 정도 동의하시는지 동의 정도를 말씀해주시기 바랍니다.__나는 책이나 판서 수업 중심으로 공부하는 것이 익숙하고 잘된다.,2.0,6049 (69.73%),2626 (30.27%),
문E1-1) 자신의 학습패턴에 관하여 어느 정도 동의하시는지 동의 정도를 말씀해주시기 바랍니다.__나는 책이나 판서 수업 중심으로 공부하는 것이 익숙하고 잘된다.,3.0,10740 (65.50%),5658 (34.50%),
문E1-1) 자신의 학습패턴에 관하여 어느 정도 동의하시는지 동의 정도를 말씀해주시기 바랍니다.__나는 책이나 판서 수업 중심으로 공부하는 것이 익숙하고 잘된다.,4.0,12875 (61.59%),8029 (38.41%),
문E1-1) 자신의 학습패턴에 관하여 어느 정도 동의하시는지 동의 정도를 말씀해주시기 바랍니다.__나는 책이나 판서 수업 중심으로 공부하는 것이 익숙하고 잘된다.,5.0,1930 (59.60%),1308 (40.40%),
DQ9. 귀하의 현재 고용형태는 어떻게 되십니까?_0.0,0.0,23198 (62.27%),14057 (37.73%),"$\chi^2$=360.05, $p$=0.00"
DQ10. 귀하는 현재 어떤 직업에 종사하고 계십니까?_0.0,0.0,23198 (62.27%),14057 (37.73%),"$\chi^2$=360.05, $p$=0.00"
DQ8. 귀하께서는 현재 수입을 목적으로 일하고 계십니까?,1.0,10054 (71.23%),4060 (28.77%),"$\chi^2$=360.05, $p$=0.00"
취업구분,1.0,10054 (71.23%),4060 (28.77%),"$\chi^2$=360.05, $p$=0.00"
DQ9. 귀하의 현재 고용형태는 어떻게 되십니까?_0.0,1.0,10054 (71.23%),4060 (28.77%),
DQ10. 귀하는 현재 어떤 직업에 종사하고 계십니까?_0.0,1.0,10054 (71.23%),4060 (28.77%),
DQ8. 귀하께서는 현재 수입을 목적으로 일하고 계십니까?,2.0,23198 (62.27%),14057 (37.73%),
취업구분,2.0,23198 (62.27%),14057 (37.73%),
DQ7. 귀하의 주된 소득원천은 무엇입니까?_1,0.0,10954 (70.50%),4584 (29.50%),"$\chi^2$=324.10, $p$=0.00"
DQ7. 귀하의 주된 소득원천은 무엇입니까?_1,1.0,22298 (62.23%),13533 (37.77%),
DQ9. 귀하의 현재 고용형태는 어떻게 되십니까?_2.0,0.0,23204 (62.46%),13949 (37.54%),"$\chi^2$=304.37, $p$=0.00"
DQ9. 귀하의 현재 고용형태는 어떻게 되십니까?_2.0,1.0,10048 (70.68%),4168 (29.32%),
문C2) 귀하께서는 작년(교육이나 학습 프로그램의 참여여부와 관계없이)에 참여하고 싶었지만 참여하지 못했던 평생교육 프로그램이 있었습니까?,1.0,25396 (66.84%),12600 (33.16%),"$\chi^2$=283.45, $p$=0.00"
문C2) 귀하께서는 작년(교육이나 학습 프로그램의 참여여부와 관계없이)에 참여하고 싶었지만 참여하지 못했던 평생교육 프로그램이 있었습니까?,2.0,7856 (58.75%),5517 (41.25%),
문F1-4) 다음 학습 관련 질문에 어느 정도 동의하시는지 동의 정도를 말씀해주시기 바랍니다.__직장에서 필요로 하는 기술을 학교에서는 배울 수 없다.,1.0,616 (56.36%),477 (43.64%),"$\chi^2$=191.10, $p$=0.00"
문F1-4) 다음 학습 관련 질문에 어느 정도 동의하시는지 동의 정도를 말씀해주시기 바랍니다.__직장에서 필요로 하는 기술을 학교에서는 배울 수 없다.,2.0,5252 (66.75%),2616 (33.25%),
문F1-4) 다음 학습 관련 질문에 어느 정도 동의하시는지 동의 정도를 말씀해주시기 바랍니다.__직장에서 필요로 하는 기술을 학교에서는 배울 수 없다.,3.0,11172 (67.69%),5332 (32.31%),
문F1-4) 다음 학습 관련 질문에 어느 정도 동의하시는지 동의 정도를 말씀해주시기 바랍니다.__직장에서 필요로 하는 기술을 학교에서는 배울 수 없다.,4.0,13128 (63.37%),7589 (36.63%),
문F1-4) 다음 학습 관련 질문에 어느 정도 동의하시는지 동의 정도를 말씀해주시기 바랍니다.__직장에서 필요로 하는 기술을 학교에서는 배울 수 없다.,5.0,3084 (59.46%),2103 (40.54%),
DQ6. 귀하께서는 건강에 자신 있습니까?_4,0.0,32371 (64.33%),17953 (35.67%),"$\chi^2$=178.16, $p$=0.00"
DQ6. 귀하께서는 건강에 자신 있습니까?_4,1.0,881 (84.31%),164 (15.69%),
문C1) 앞으로 참여하길 희망하는 프로그램은 무엇입니까? (4)인문교양교육,0.0,28372 (65.97%),14635 (34.03%),"$\chi^2$=177.32, $p$=0.00"
문C1) 앞으로 참여하길 희망하는 프로그램은 무엇입니까? (4)인문교양교육,1.0,4880 (58.36%),3482 (41.64%),
DQ5. 귀하께서는 취학 전의 손자·손녀가 있습니까? (동거여부 무관),1.0,28555 (63.74%),16243 (36.26%),"$\chi^2$=150.00, $p$=0.00"
DQ5. 귀하께서는 취학 전의 손자·손녀가 있습니까? (동거여부 무관),2.0,4697 (71.48%),1874 (28.52%),
DQ10. 귀하는 현재 어떤 직업에 종사하고 계십니까?_9.0,0.0,31531 (64.18%),17595 (35.82%),"$\chi^2$=147.29, $p$=0.00"
DQ10. 귀하는 현재 어떤 직업에 종사하고 계십니까?_9.0,1.0,1721 (76.73%),522 (23.27%),
DQ7. 귀하의 주된 소득원천은 무엇입니까?_3,0.0,24561 (63.29%),14248 (36.71%),"$\chi^2$=144.87, $p$=0.00"
DQ7. 귀하의 주된 소득원천은 무엇입니까?_3,1.0,8691 (69.20%),3869 (30.80%),
DQ7. 귀하의 주된 소득원천은 무엇입니까?_4,0.0,31649 (64.25%),17612 (35.75%),"$\chi^2$=122.69, $p$=0.00"
DQ7. 귀하의 주된 소득원천은 무엇입니까?_4,1.0,1603 (76.04%),505 (23.96%),
DQ3. 몇 명과 함께 지내고 있습니까?__명,0.0,2603 (65.60%),1365 (34.40%),"$\chi^2$=107.95, $p$=0.00"
DQ3. 몇 명과 함께 지내고 있습니까?__명,1.0,10758 (67.31%),5224 (32.69%),
DQ3. 몇 명과 함께 지내고 있습니까?__명,2.0,8671 (64.76%),4718 (35.24%),
DQ3. 몇 명과 함께 지내고 있습니까?__명,3.0,8613 (62.12%),5253 (37.88%),
DQ3. 몇 명과 함께 지내고 있습니까?__명,4.0,2112 (61.75%),1308 (38.25%),
DQ3. 몇 명과 함께 지내고 있습니까?__명,5.0,397 (66.50%),200 (33.50%),
DQ3. 몇 명과 함께 지내고 있습니까?__명,6.0,86 (69.92%),37 (30.08%),
DQ3. 몇 명과 함께 지내고 있습니까?__명,7.0,11 (47.83%),12 (52.17%),
DQ1. 귀하의 최종 학력은 어떻게 되십니까?__상태구분_3.0,0.0,26392 (65.85%),13688 (34.15%),"$\chi^2$=99.39, $p$=0.00"
DQ1. 귀하의 최종 학력은 어떻게 되십니까?__상태구분_3.0,1.0,6860 (60.77%),4429 (39.23%),
DQ1. 귀하의 최종 학력은 어떻게 되십니까?__상태구분_5.0,0.0,8184 (62.07%),5002 (37.93%),"$\chi^2$=55.06, $p$=0.00"
DQ1. 귀하의 최종 학력은 어떻게 되십니까?__상태구분_5.0,1.0,25068 (65.65%),13115 (34.35%),
사회참여,0.0,4815 (68.64%),2200 (31.36%),"$\chi^2$=54.12, $p$=0.00"
사회참여,1.0,28437 (64.11%),15917 (35.89%),
지역규모별,1.0,6143 (67.78%),2920 (32.22%),"$\chi^2$=51.71, $p$=0.00"
지역규모별,2.0,12938 (64.72%),7052 (35.28%),
지역규모별,3.0,14171 (63.50%),8145 (36.50%),
DQ10. 귀하는 현재 어떤 직업에 종사하고 계십니까?_1.0,0.0,32996 (64.88%),17858 (35.12%),"$\chi^2$=50.76, $p$=0.00"
DQ10. 귀하는 현재 어떤 직업에 종사하고 계십니까?_1.0,1.0,256 (49.71%),259 (50.29%),
문C1) 앞으로 참여하길 희망하는 프로그램은 무엇입니까? (1)학위취득을위한교육,0.0,32912 (64.90%),17798 (35.10%),"$\chi^2$=49.89, $p$=0.00"
문C1) 앞으로 참여하길 희망하는 프로그램은 무엇입니까? (1)학위취득을위한교육,1.0,340 (51.59%),319 (48.41%),
형식교육 참여자,1.0,32888 (64.90%),17783 (35.10%),"$\chi^2$=48.52, $p$=0.00"
형식교육 참여자,2.0,364 (52.15%),334 (47.85%),
DQ7. 귀하의 주된 소득원천은 무엇입니까?_5,0.0,32839 (64.59%),18006 (35.41%),"$\chi^2$=45.38, $p$=0.00"
DQ7. 귀하의 주된 소득원천은 무엇입니까?_5,1.0,413 (78.82%),111 (21.18%),
DQ1. 귀하의 최종 학력은 어떻게 되십니까?__상태구분_2.0,0.0,32586 (64.56%),17891 (35.44%),"$\chi^2$=38.78, $p$=0.00"
DQ1. 귀하의 최종 학력은 어떻게 되십니까?__상태구분_2.0,1.0,666 (74.66%),226 (25.34%),
DQ1. 귀하의 최종 학력은 어떻게 되십니까?__상태구분_0.0,0.0,33012 (64.64%),18059 (35.36%),"$\chi^2$=32.11, $p$=0.00"
DQ1. 귀하의 최종 학력은 어떻게 되십니까?__상태구분_0.0,1.0,240 (80.54%),58 (19.46%),
DQ10. 귀하는 현재 어떤 직업에 종사하고 계십니까?_6.0,0.0,31726 (64.54%),17431 (35.46%),"$\chi^2$=18.14, $p$=0.00"
DQ10. 귀하는 현재 어떤 직업에 종사하고 계십니까?_6.0,1.0,1526 (68.99%),686 (31.01%),
DQ10. 귀하는 현재 어떤 직업에 종사하고 계십니까?_8.0,0.0,31893 (64.57%),17499 (35.43%),"$\chi^2$=14.29, $p$=0.00"
DQ10. 귀하는 현재 어떤 직업에 종사하고 계십니까?_8.0,1.0,1359 (68.74%),618 (31.26%),
DQ1. 귀하의 최종 학력은 어떻게 되십니까?__상태구분_4.0,0.0,33229 (64.76%),18084 (35.24%),"$\chi^2$=12.73, $p$=0.00"
DQ1. 귀하의 최종 학력은 어떻게 되십니까?__상태구분_4.0,1.0,23 (41.07%),33 (58.93%),
DQ1. 귀하의 최종 학력은 어떻게 되십니까?__상태구분_1.0,0.0,32940 (64.79%),17901 (35.21%),"$\chi^2$=7.19, $p$=0.01"
DQ1. 귀하의 최종 학력은 어떻게 되십니까?__상태구분_1.0,1.0,312 (59.09%),216 (40.91%),
DQ7. 귀하의 주된 소득원천은 무엇입니까?_2,0.0,33020 (64.69%),18024 (35.31%),"$\chi^2$=6.05, $p$=0.01"
DQ7. 귀하의 주된 소득원천은 무엇입니까?_2,1.0,232 (71.38%),93 (28.62%),
DQ10. 귀하는 현재 어떤 직업에 종사하고 계십니까?_4.0,0.0,27694 (64.92%),14962 (35.08%),"$\chi^2$=4.03, $p$=0.04"
DQ10. 귀하는 현재 어떤 직업에 종사하고 계십니까?_4.0,1.0,5558 (63.79%),3155 (36.21%),
성별,1.0,16511 (65.16%),8828 (34.84%),"$\chi^2$=3.99, $p$=0.05"
성별,2.0,16741 (64.31%),9289 (35.69%),
DQ6. 귀하께서는 건강에 자신 있습니까?_2,0.0,15943 (64.43%),8802 (35.57%),"$\chi^2$=1.89, $p$=0.17"
DQ6. 귀하께서는 건강에 자신 있습니까?_2,1.0,17309 (65.01%),9315 (34.99%),
DQ3. 귀하께서는 함께 동거하는 가족이 있습니까?,1.0,2603 (65.60%),1365 (34.40%),"$\chi^2$=1.38, $p$=0.24"
DQ3. 귀하께서는 함께 동거하는 가족이 있습니까?,2.0,30649 (64.66%),16752 (35.34%),
문C1) 앞으로 참여하길 희망하는 프로그램은 무엇입니까? (2)성인기초및문해교육,0.0,33204 (64.72%),18097 (35.28%),"$\chi^2$=0.78, $p$=0.38"
문C1) 앞으로 참여하길 희망하는 프로그램은 무엇입니까? (2)성인기초및문해교육,1.0,48 (70.59%),20 (29.41%),
DQ4. 귀하께서는 부양할 가족이 있습니까? (동거여부 무관),1.0,12723 (64.91%),6877 (35.09%),"$\chi^2$=0.45, $p$=0.50"
DQ4. 귀하께서는 부양할 가족이 있습니까? (동거여부 무관),2.0,20529 (64.62%),11240 (35.38%),
DQ1. 귀하의 최종 학력은 어떻게 되십니까?__상태구분_9.0,0.0,33169 (64.73%),18077 (35.27%),"$\chi^2$=0.30, $p$=0.59"
DQ1. 귀하의 최종 학력은 어떻게 되십니까?__상태구분_9.0,1.0,83 (67.48%),40 (32.52%),
DQ7. 귀하의 주된 소득원천은 무엇입니까?_6,0.0,33237 (64.73%),18111 (35.27%),"$\chi^2$=0.17, $p$=0.68"
DQ7. 귀하의 주된 소득원천은 무엇입니까?_6,1.0,15 (71.43%),6 (28.57%),
DQ10. 귀하는 현재 어떤 직업에 종사하고 계십니까?_7.0,0.0,31138 (64.72%),16976 (35.28%),"$\chi^2$=0.06, $p$=0.81"
DQ10. 귀하는 현재 어떤 직업에 종사하고 계십니까?_7.0,1.0,2114 (64.95%),1141 (35.05%),
DQ10. 귀하는 현재 어떤 직업에 종사하고 계십니까?_10.0,0.0,33227 (64.73%),18102 (35.27%),"$\chi^2$=0.02, $p$=0.90"
DQ10. 귀하는 현재 어떤 직업에 종사하고 계십니까?_10.0,1.0,25 (62.50%),15 (37.50%),
문C1) 앞으로 참여하길 희망하는 프로그램은 무엇입니까? (5)문화예술스포츠교육,0.0,33110 (64.73%),18040 (35.27%),"$\chi^2$=0.00, $p$=1.00"
DQ10. 귀하는 현재 어떤 직업에 종사하고 계십니까?_11.0,0.0,33235 (64.73%),18108 (35.27%),"$\chi^2$=0.00, $p$=1.00"
문C1) 앞으로 참여하길 희망하는 프로그램은 무엇입니까? (5)문화예술스포츠교육,1.0,142 (64.84%),77 (35.16%),
DQ10. 귀하는 현재 어떤 직업에 종사하고 계십니까?_11.0,1.0,17 (65.38%),9 (34.62%),
