url,username,reviewDate,year,review,rating,likes
https://pedia.watcha.com/ko-KR/comments/j7kQzmjBG1Ml4,권혜정,4년 전,2020,가족의 현실적인 문제를 담담하게 그려냈다. 여배우들이 보여주는 긍정적인 에너지가 좋다.,2.5,57
https://pedia.watcha.com/ko-KR/comments/PkvE6nx7ynEpg,JH,4년 전,2020,"마냥 슬퍼하라고 만든 영화는 아닌 듯하고, 어떤 상황에서도 다시 일어날 수 있는 힘을 주고자 한다. 감정을 뒷받침할 토대가 많이 생략된 느낌을 받아서, 깊은 공감까진 끌어내지 못하고 단조롭게, 따스한 색채만 유지해간다. 검증된 배우들의 연기력은 의심할 여지없이 빼어나다.",2.5,22
https://pedia.watcha.com/ko-KR/comments/OAxM7wg187Mbm,개구리개,1년 전,2023,조금씩 덜어냄이 타인에게 상처가 되지않게,3.5,15
https://pedia.watcha.com/ko-KR/comments/xplMdJvaWYE4o,Lemonia,4년 전,2020,"기억을 잃어가는 가족의 모습을 지근거리에서 바라보는 이의 마음은 어떠할까. 치매를 흔히 ‘세상에서 가장 슬픈 병’이라고 한다. 이유 즉슨 쌓여진 추억과 기억이 사라져버리기 때문일 것이다. 내 안에 소중히 간직한 시간의 기록이 지워진다면, 기록자 뿐 아니라 동시대를 함께한 가족과 지인에게도 슬프고 안타까운 일이다. 그로인해 가족만이 할 수 있는 일들을 하면서 소중한 일상을 되찾아가다 보면 잊었던 마음과 과거의 기억을 떠올리고, 함께 했던 무언가의 추억을 공유하며, 서로의 아픔을 치유 받다보면, 조금씩 천천히 잊고 있었던 가족의 소중함을 다시금 떠올리면 소홀했었던 나의 가족이 언제든 다시 완성 될 수도 있다. 기억보다 타인을 끌어안는 가장 중요한 요소는 마음일지 모른다.",3,10
https://pedia.watcha.com/ko-KR/comments/zD82Xppr0R253,장승하,3년 전,2021,기억이 사라진다기 보단 '기억속으로 돌아간다'라고 합시다  몸이 약해진다고 하기 보단 '다시 어려진다'라고 합시다  꿈속으로 영원회귀 할때까지,3,8
https://pedia.watcha.com/ko-KR/comments/69oMvnWBW3Mal,조항빈,4년 전,2020,"'조금씩, 천천히 안녕'은 아버지가 치매에 걸렸다는 것을 알게 된 가족이 기억을 매일 조금씩 잃어가는 아버지와 작별을 고하는 영화다. 아마 불치병 중 가장 잔인한 병은 알츠하이머일 것이다. 치매를 대처하고 받아들이는 모습들에 대한 영화는 다양하지만, 이 영화는 일본 영화 특유의 담백하면서도 일상적인 가족주의 이야기로 치매에 대한 이야기를 한다.  '아무르'나 '스틸 앨리스'처럼 치매의 비극성을 극단적으로 표현하는 영화도 있는 반면, '로망'처럼 치매라는 비극성을 극복하고자 하는 끈끈한 사랑에 대한 영화도 있다. 이 영화 같은 경우는 후자에 속한다. 치매로 인해 매일 사고를 치고 괴팍해지는 듯한 아버지를 옆에서 끝까지 돌보려는 어머니, 그런 아버지를 보며 투정 한 번 안 부리고 필요할 때마다 곁에 있어주려고 노력하는 두 딸의 이야기는 어찌보면 너무 이상적이고 구김 없는 가족의 모습처럼 보이기도 한다. 하지만 영화는 치매로 인해 점점 아이가 돼가는 아버지를 돌보며 오히려 점점 성숙해져가는 두 딸에 대한 이야기일지도 모른다. 자신의 미래와 진로, 그리고 가정을 어떻게 꾸려나아가야할지에 대해 고민하는 두 딸은 아버지와 함께 있고, 그의 머리 속에서 점점 사라져가는 기억을 조금씩 붙잡아둔다. 그리고 그 추억과 인생 속에서 자신들의 인생에 대한 답을 찾아가는 성장담이 이 영화의 진정한 주제가 아닌가 싶다. 다만, 너무 큰 굴곡 없이 유유히 흘러가는 영화다 보니 2시간이라는 러닝타임이 너무 길게 느껴지기도 한다.  일본 영화들을 보며 실망할 때도 많지만, 연기에 대해서는 언제나 믿고 보게 되는 것 같다. 이 영화 또한 마찬가지였다. 아오이 유우, 타케우치 유코, 마츠바라 치에코는 모두 각자의 캐릭터가 가지고 있는 짐과 걱정, 그리고 이를 대처하는 각자 나름대로의 성격과 특성을 굉장히 잘 표현하는 동시에 진짜 평생을 같이 지내온 가족 같은 호흡을 보여줬다. 하지만 이 영화의 진정한 스타는 야마자키 츠토무다. 치매 연기에 필요한 육체적인 컨트롤 뿐만 아니라 아무것도 모르고 있는 듯한 표정 와중에 사소한 움직임들과 눈빛에서 인물들과 관객들이 모두 보고 느낄 수 있는 감정 연기를 하는 야마자키 츠토무는 지금까지 올해 본 연기들 중 가장 인상적이고 완벽했다고 생각한다.",3,6
https://pedia.watcha.com/ko-KR/comments/6GWQ147R9RMJ5,Ben,3년 전,2021,먹먹한 내용을 더 먹먹하게 만드는 故 다케우치 유코.,3,5
https://pedia.watcha.com/ko-KR/comments/6PzQ4njzBZ2qV,이용희,3년 전,2021,그렇게 가족이 된다.   그들에게 긴 안녕의 시간은 분명 유효했으리라. 그러나 보는 이에겐 그저 긴 긴 지루함의 시간일 뿐이었다.  2022년 1월 3일에 봄,1,5
https://pedia.watcha.com/ko-KR/comments/boY2lKZ3q6EWO,보정,4년 전,2020,"감독의 전작 행복목욕탕 처럼 가족, 인연에 대해 이런저런 생각을 해볼 수 있어 좋았다. 오래전 부터 치매는 국가가 나서 관리해야할 것이라 생각했기에 개인이 받는 고통이 어찌보면 나이브하게 그려지는게 아닌가 싶지만 사실 한국이나 일본이나 현실은 영화 속 처럼 시설에 맏기지 못하고 감내하는 이들이 많을테니... 여튼 이런 영화를 보고 더욱 우울함에 잠기고야 마는ㅜ",3,5
https://pedia.watcha.com/ko-KR/comments/8n92VyK6wqEAJ,꺼윽,4년 전,2020,"배우진은 참 좋은 영화였습니다. 야마자키 츠토무의 연기가 참 맘에 드네요. 점점 시간이 흘러가는 걸  미세하지만 특징있게 표현한 내공이 탁월했습니다.  노인 분들 잇몸이 약해지셔서 입술이 조금씩 앞으로 나오는걸 잘 표현하시더라고요.     감정을 끌어내기 위한 약간 인위적인 몇몇 부분들이 좀 약간 튀었지만 전체적으로 분위기와 내용을 전달하기 위한 연출은 나쁘지 않네요    오랜만에 봐서 그런지 아오이 유우의 연기가 좀 낯설게 느껴졌습니다.    7년의 걸친 이야기이면서 가족이라는 역사가 어떻게 만들어지고, 이어지는가에 대한 이야기를 조밀조밀 펼치는 장면들이 이 영화에서 가장 맘에 들었습니다.    동일본 대지진때 이미 방사능이라는, 지금 코로나와 비슷하면서도 다른 사태를 겪었던 당시숩이 잠깐 등장하는데 묘하게 지금 시기가 생각나게 합니다.    가족이 만들어낸 역사가 구성원들에게 연결되고, 그들이 떨어져 있어도 각자에게 연결된다는 평범하면서도 강한 주제가 전체적으로는 안정적으로 극을 이끌어 내는 점이  인상적이었습니다.    원제를 그대로 썻으면 어떴을까 라는 생각도 들지만 변경한 제목도 나쁘진 않네요.    유명 느와르영화제목이랑 같아서 그런가라는 생각도 들더군요.    아 그리고, 실제 있을까 모르겠지만 장녀가 한자로 마킹된 상의를 입고 AKB48 음악에 춤을 추는 외국인은 굉장히 쇼킹했습니다 . ㅎㅎ",3,4
https://pedia.watcha.com/ko-KR/comments/boPQj7O0w9EKL,Eomky,5년 전,2019,"담백하고 완만하고 호흡이 느리지만, 타케우치 유코와  아오이 유우가 나와서 좋다.",3.5,4
https://pedia.watcha.com/ko-KR/comments/0ezQynNVPOEpq,하나,4년 전,2020,"너무 무미건조하다 단순히 템포가 느린것이 문제가 아니다 메시지의 전달이 잘 와닿지않고 전체적으로 연출이 엉성한게 느껴진다 두 딸이 마주하는 문제가 중심으로  전개되는데, 갈등의 발현이나 봉합이나 핵심 제재인 치매와 매끄럽게 연결되지 못하고 서로 따로 논다 치매와의 연결을 차치하고서라도 그 각각의 갈등을 잘 살리지 못했다 전작 행복목욕탕에 비해 많이 아쉽다 차기작은 좀 더 진한 감동을 주었으면",2.5,3
https://pedia.watcha.com/ko-KR/comments/j7kQzmjJZqMl4,요물,4년 전,2020,가부장제를 내면화한 일본 여성들의 세밀화.,2.5,3
https://pedia.watcha.com/ko-KR/comments/3WB2qLJpjlEpj,이팔청춘,4년 전,2020,"길고 긴 이별을 버텨낼 수 있었던건 어떻게든 일상을 지키려 애썼기 때문이 아닐까? 담백하고 일상적인 일본 특유의 감성이 좋긴 하지만 너무 조금씩, 너무 천천히 진행되서 지루했던건 사실😅 [20200530 예매권]",3.5,2
https://pedia.watcha.com/ko-KR/comments/wlL2DwDJdoEyZ,Ray,7개월 전,2024,멀어지고 멀어져도 끊어지지 않는 가족의 연,4,1
https://pedia.watcha.com/ko-KR/comments/rdVMNyaa802ql,가브리엘,1년 전,2023,"조금씩 이별하는 것과 한순간에 이별하는 것의 무게를 어떻게 비교하겠는가, 이별은 하나같이 돌이킬 수 없는 것인데.",3.5,1
https://pedia.watcha.com/ko-KR/comments/W9bEB1XwXgQpZ,정혜린,2년 전,2022,딸들이 걱정 되어 놀이동산에 우산 들고 마중 나오는 이야기는 반칙 아니냐구 흑흑,2.5,1
https://pedia.watcha.com/ko-KR/comments/8kXQeobm9X2P6,jjjani,3년 전,2021,잔잔한 지루함....? 그만 볼까..?하다가 그냥 평범한 소중함에 씨익... 그러다 다시시작된 지루함... 그러다 살짝 슬픔... 그렇게 2시간을....봤다. 저 엄마 참... 멋지네...란 생각... 나라면 저 딸들의 반이라도 할 수 있을까란...반성..  그런데...마지막 장면은 뭐죠? 뭔 뜬금없는...설정인지...알 수 없네...,1.5,1
https://pedia.watcha.com/ko-KR/comments/xzaQAko3kZ2g5,栖🌿,4년 전,2020,잔잔함이 좋긴 하나 너무 느려 아쉬웠으나 울면서 본인 속얘기를 아버지께 털어놓을때 나도 모르게 울컥한다..아들딸 모두 좋지만 역시 딸이 최고인가를ㅋㅋ생각하며~ps. 유코상 보고싶습니다ㅠㅠ,3,1
https://pedia.watcha.com/ko-KR/comments/BVoM9k6jwqEP0,mangorgeous,4년 전,2020,"억지로라도 울고싶어 고른 영화였다. 그러나 마냥 슬프지만은 않았다. 잔잔하며 따뜻하다. (울지 않았다는 소리는 아니지만..ㅜㅜ) 배우분들 연기는 물론 너무 좋았고, 다케우치 유코님이 하늘의 별이 된지 한달이 되는 오늘. 그녀의 웃음과 눈물을 봐서 행복했다.",4,1
https://pedia.watcha.com/ko-KR/comments/69oMvnKqB8Mal,snoopyRyu,4년 전,2020,세 우산과 긴 이별,2.5,1
https://pedia.watcha.com/ko-KR/comments/gwVQxKdkDYMB0,박준형,4년 전,2020,"가장 먼저 든 생각은 이렇게 묻힐 영화가 아니라는 생각이 들었어요. 이래서 내가 일어일문과를 나와서가 아니라, 일본영화가 끌어당기는 힘이 있어서 일본영화를 보는 구나~ 싶은 생각이 들었어요.  한편으로는 치매걸린 할아버지 우쭈쭈 해주는 내용일 수도 있지만, 쉽게 그렇게 보이지가 않았어요. 아버지 역할을 한 야마자키 츠토무 배우는 제 청춘의 한 페이지에 있는 '세상의 중심에서 사랑을 외치다'에서 사진관 주인 역할을 맡으셔서 더 인상에 남아 있는 배우님이요. 하지만, 그보다 더 영화를 다 본 후에 한국 개봉에 맞춰서 여성 세 배우, 엄마 장녀 차녀, 마츠바라 치에코 아오이 유우 타케우치 유코의 인터뷰를 보면서 더 생각이 들었어요. 여동생이 한 명 있는 제가 절대 느끼지 못할 여성이 세 분이나 있는 집안의 풍경이 아름다움을요.  어쩌면 아버지만 느낄 수 있는 감정일 수도 있고, 어쩌면 우리 모두가 느끼길 원하는 감정일 수도 있는 영화 였어요. 한 장면, 한 장면이 사무치는 연기 였어요.  이 가정도, 저 가정도, 우리 사랑하면서 살아가고, 또 사랑하며 안녕하자고.  영화의 원제처럼 행복하게 '긴 이별'하자고. 그렇게 말하고 있는 거 같아요. 행복한 영화였네요. 집에서 잘라서 보는데 이렇게 감동받는 영화도 또 오랫만이네요.  세윤씨도 꼭 보세요. 신청곡은 세상의 중심에서 사랑을 외치다가 생각이 나서 hirai ken 의 눈을 감고, 와 이상하게 자꾸 떠오르는 무지개 여신의 The Rainbow Song 중에 세윤 씨가 땡기는 곡으로 부탁드립니다.",4,1
https://pedia.watcha.com/ko-KR/comments/kpeQKqzGZz2YN,토니베어,4년 전,2020,"어쩌면 낡고 닳았을 보수적인 가치관을 고스란히 드러낸다. 그러나 '초'합리적인 요즘 세상의 우리에게도 분명 남겨야할 것들을 보여준다. 다만 전작인 '행복목욕탕'과 거의 같은 형식으로 영화를 만든 감독 역량에 대한 아쉬움이 남고, 이야기가 매끄럽게 연결되지 못하는 문제와 내용 외적인 부분에서 보여주는 엉성함이 드문드문 보인다.",3,1
https://pedia.watcha.com/ko-KR/comments/PkvE6nNm5LEpg,LP,4년 전,2020,긴 이별을 맞이하는 각기의 마음들.,2.5,1
https://pedia.watcha.com/ko-KR/comments/WzO2gA1yKLQXZ,장호준,4년 전,2020,"평범한 삶을 섬세히 그리는 일본 영화들의 장점을 잘 보여준다. ‘치매’를 둘러싼 가족들의 삶을 가볍지도 무겁지도 않은 터치로 잔잔히 그려낸다. 치매 환자 아버지 역의 야마자키 츠토무를 비롯해 아오이 유우, 다케우치 유코, 마츠바라 치에코의 자연스러운 연기가 좋다.",3.5,1
https://pedia.watcha.com/ko-KR/comments/PkvE6nxbX5Epg,아무개24,4년 전,2020,아버지와 우산3개 . 아버지와 긴여행 이별을 준비하는 가족의 여정  악역이 적어서 보기 편한영화 다케우치 유코의 함박웃음은 역시 쵝오(feat.런치의여왕) 아버지역의 잔잔한 미소도 보기 좋았음,3.5,1
https://pedia.watcha.com/ko-KR/comments/lP0E8JWDJZMbx,lupang2003,4년 전,2020,"  ‘조금씩, 천천히 안녕 의 원작인 '긴 이별은 나카지마 쿄코 가 2015년 발표한 작품으로 제10회 중앙공론문예상, 제5회 일본의료소설대상을 수상하는 등 평단과 독자들의 큰 사랑을 받았다. 특히 이 작품은 치매를 앓았던 아버지와 함께 살았던 작가의 자전적 경험을 바탕으로 한 현실적인 묘사로 눈길을 끌었다. 나카지마 교코는 자신의 가족이 그랬듯 치매 환자와 살아가는 가족의 모습을 일상의 시간으로 담아냈다. 작가는 “오래도록 이 병과 마주하는 시간은 단순히 괴롭기만 한 나날들이 아니라 눈물도 있고 웃음도 있는 시간이다. 가족에게 있어 소중한 이별의 시간이라고 생각한다“며 ‘긴 이별’에 대한 자신의 생각을 전했다. 이처럼 어느 가족에게나 일어날 수 있는 이별의 시간을 진솔하게 담아낸 영화 '조금씩, 천천히 안녕'은 '행복 목욕탕'을 연출한 나카노 료타 감독 특유의 따스한 시선을 담았다.",3.5,1
https://pedia.watcha.com/ko-KR/comments/gwVQxK0780MB0,포스트말론브란도,5년 전,2019,"조금 낯선 감성의 핀트들이 있었지만, 야마자키 츠토무라는 배우의 호흡이 다 다독여줍니다~",3,1
https://pedia.watcha.com/ko-KR/comments/jxZQRpyaKr2bq,Egu,5년 전,2019,"""이맘때면 많은것들이 멀어져""",2,1
https://pedia.watcha.com/ko-KR/comments/nd3M3lRLk7QNg,잔인한詩,5년 전,2019,"조금씩, 천천히 안녕 (2019) The Long Good-Bye",보는 중,1
https://pedia.watcha.com/ko-KR/comments/j7kQzZ3l1GQl4,Lain,15일 전,2024,먹먹할 줄 알았는데 따닷하다,2,[]
https://pedia.watcha.com/ko-KR/comments/XpeMJo315ZQJn,펭귄너굴이,5개월 전,2024,하고 싶은 말은 너무 많지만 그들이 미사여구가 될 것이 두렵다. 글에 진심을 담는 것은 이렇게나 어려운 걸까. 내가 가장 소중하게 생각하는 영화의 기능은 위로이다. 그러니 좋은 영화 봤습니다.,3.5,[]
https://pedia.watcha.com/ko-KR/comments/5yz2Y8KGpOEWj,파랑,7개월 전,2024,시소 끄트머리에 걸린 내일이라는 무게.,3,[]
https://pedia.watcha.com/ko-KR/comments/W4zQrxOnJw2w1,우연,8개월 전,2024,구태여 현실을 직시하는 묘사보단 조금 완만히 표현하는 연출에서 되려 슬픔을 보았다.,4,[]
https://pedia.watcha.com/ko-KR/comments/jxZQRzx4loQbq,임민규,8개월 전,2024,긴 이별이야 할머니,3,[]
https://pedia.watcha.com/ko-KR/comments/zD82XlADAB253,imissu,11개월 전,2023,기분좋은 일본 영화,3,[]
https://pedia.watcha.com/ko-KR/comments/W4zQrxezO92w1,🧚🏻‍♀️,11개월 전,2023,위를 보며 걸어가자 눈물이 흘러내리지 않도록,4.5,[]
https://pedia.watcha.com/ko-KR/comments/jxZQRzDBO4Qbq,헐리우드키드2,11개월 전,2023,"20231105 다케우치 유코의 유작성 느낌이 들어 비록 그녀를 떠나 보냈지만 몇년 후 시간이 흘렀지만 아직도 그녀를 기억하고 있다는 좀 더 사랑스러운 마음으로 보았던 영화. 일본영화 특유의 다채로운 소재중 하나인 '치매'지만, 잔잔하게 보는 단막 드라마를 본 느낌이다. 편안한 곳에서 행복하게 지내길 바랍니다. 다케우치 유코님~",2.5,[]
https://pedia.watcha.com/ko-KR/comments/8n92VoebAnMAJ,솔라시네마,1년 전,2023,"(282) 조금씩, 천천히 안녕 (21.05.21)  세상에서 가장 잔인하고 슬픈 병을 다룬 영화. 일본 특유의 색채와 담담함으로 가족에게 다가온 비극을 긍정과 사랑으로 이겨나가는 이야기이다. 남은 가족들의 성장과  배우들의 안정된 연기를 보는 맛은 있지만 굴곡 없는 스토리에 다소 지루함을 느낄 수도.",3,[]
https://pedia.watcha.com/ko-KR/comments/ZGYMGw0m6bMr8,황혜원,1년 전,2023,현실적이지 않다. 치매에 대해 아느냐 묻고싶다.,2.5,[]
https://pedia.watcha.com/ko-KR/comments/y4ZMO6zWV72Op,OJIGUOJIGU,2년 전,2022,엄마아빠동생. 남편아들 모두 가족,3.5,[]
https://pedia.watcha.com/ko-KR/comments/6GWQ14mZ9gMJ5,모나도,2년 전,2022,"우린, 매일 이별하며 살고 있음을..  이런 영화 볼 때마다 느끼는 건.. 아! 딸이 있어야한다..ㅠㅠ 아들만 있는 집은 어쩌라구..ㅠㅠ",3.5,[]
https://pedia.watcha.com/ko-KR/comments/OAxM70e6j5Qbm,텔레파시,2년 전,2022,내가 겪을 수도 있는 이야기 나이들어가는 부모님을 보니 영화가 영화로만 느껴지지 않는다. 평범한 가족의 이야기를 현실적으로 담아내서 공감이 간다.,3.5,[]
https://pedia.watcha.com/ko-KR/comments/XpeMJAyPgd2Jn,무명씨,2년 전,2022,치매 가족이 슬픈 이유 중 특히 큰 부분은 치매를 앓는 가족이 어떤 기억들을 잃어간다는 사실보다도 어떤 묻힌 기억을 문득 문득 떠올리게 한다는 사실에 있다. 마치 완전히 꺼지기 직전에 마지막으로 한 번 환하게 빛을 발하는 성냥개비같이. 그 예기치 않은 기억의 편린들이 우리를 슬프게 한다. 기억을 잃어가면서 기억을 찬란하게 소환한다는 역설.,3.5,[]
https://pedia.watcha.com/ko-KR/comments/kpeQK8xXeeEYN,조승상,2년 전,2022,"치매환자와 주변인이 경험할 수 있는 내용이다. 다만, 영화의 주인공과 그 가족은 ‘최선의 결과’라고 할 수 있을 정도로, 가족에게 이별의 시간을 선사하는 느낌이다. 현실의 치매환자는 가족에게 잊혀지고 방치되어 외롭게 인생을 마감하는 경우가 많을 것 같다. 영화의 가족들처럼 할 수 있는 사람, 사랑받는 사람들이 얼마나 될까.  기억할 수 있는 오늘이 소중하고, 감사하다. 잊혀지는게 새로운 기억을 덮어쓰기 때문인 나날이 이어지기를 바란다.",3,[]
https://pedia.watcha.com/ko-KR/comments/5yz2YX1R10EWj,이시하라 사토미,3년 전,2021,영화관에서 처음 혼자 봤던 영화 다 나가서...,2,[]
https://pedia.watcha.com/ko-KR/comments/NXnE5P6mgNQzG,기학,3년 전,2021,아름다운 작품,1,[]
https://pedia.watcha.com/ko-KR/comments/lP0E8mkqVd2bx,알프레도,3년 전,2021,어떠한 상황에서도 웃음을 잃지 않을것!  긍정적으로 가족과 함께 이겨낼것.,2.5,[]
https://pedia.watcha.com/ko-KR/comments/3WB2qnyjqpMpj,Sangeun Yi,3년 전,2021,"우산들고 있는 모습에 정말 찡 - 단순히 영화속 이야기가 아니다. 아빠, 사랑해",5,[]
https://pedia.watcha.com/ko-KR/comments/8n92Vogd37MAJ,INWA,3년 전,2021,언젠간 우리가 마주해야 할 현실의 이야기,2.5,[]
https://pedia.watcha.com/ko-KR/comments/8kXQeoPL1X2P6,boinda,3년 전,2021,일본에서도 사용하지 않는 단어 치매 인간 최대의 불치병 치매 늙으면 10명 중 한명이 걸린가는 치매 누구도 피해갈 수 없는 병이다  아주 잘 만든 효도 영화다 효도는 체험이 안된다는게 안타깝다  시시때때 기족들과 싸우고 형제들과 욕도하며 감정이 상하기도해야 진정한 효도다 이 병은 형제끼리 남남이 되게 만들기도하고 이산가족을 만들기도 한다 당사자만이 아니라 주위 사람들에게조차 정말 무서운 병이다 효도를 해본 사람만이 느끼고 이해하고 감동한다는 치매 영화다  일본 최고의 배우 네명이 뛰어난 각본과 연출의 마당에서 연기를 뽐낸다 억지스럽지 않고 자연스럽게 흐르면서 유머를 잃지 않고 마음을 아프게 한다,4,[]
https://pedia.watcha.com/ko-KR/comments/mkPMn0ABxLEwq,배창시,3년 전,2021,"아버지처럼 멋진 교사가 되지 못했다는 후미도, 부모님처럼 살고 싶었다는 마리도 결국 아버지와 어머니의 삶을 살게 된다. 타카시가 '사요나라, 마스타'만 안 했으면 훨씬 좋은 영화라고 생각됐을 것이다.",3,[]
https://pedia.watcha.com/ko-KR/comments/ZGYMGwXo6LMr8,AIfredo,3년 전,2021,극적이지 않은 담담한 배웅..,3,[]
https://pedia.watcha.com/ko-KR/comments/xplMdd8KzOM4o,Chang Woo,3년 전,2021,가족의 울타리안에서 사는 힘겨운  우리네 사는 스토리,4,[]
https://pedia.watcha.com/ko-KR/comments/kpeQK8nd3JEYN,IMAR,3년 전,2021,괴로울지 말거라.  long goodbye-☂️☂️☂️,2,[]
https://pedia.watcha.com/ko-KR/comments/gwVQxeDVo9EB0,이승현,3년 전,2021,2021.09.25.🏠,4.5,[]
https://pedia.watcha.com/ko-KR/comments/Vw8MLyXPkYQel,민주,3년 전,2021,A long good-bye  위를 보며 걸어가자 눈물이 흘러내리지 않도록 괴로울지 말아라 오늘은 탄죠비(생일)이니까 🤚,3,[]
https://pedia.watcha.com/ko-KR/comments/wlL2DvxmmqQyZ,이선호,3년 전,2021,하늘 위엔 행복이 있어서 위를 바라봐야 하지만 가끔은 글썽이며 아래도 보게 된다.,3.5,[]
https://pedia.watcha.com/ko-KR/comments/nd3M3Bb3za2Ng,까꿍,3년 전,2021,약해지고 아픈 아버지이지만 딸들이 참고있던 울분을 터뜨릴수 있는 곳은 모두 아버지 곁이었다.  내가 처음 세상에 나온 날 부터 내가 울수 있는 곳이 아버지 곁이었던 것 처럼.  내가 좋아하는 다케우치유코와 아오이유우의 견줄만큼  어머니 역의 배우도 참 청초하고 좋다,4,[]
https://pedia.watcha.com/ko-KR/comments/P7kEW6y7vBQJ9,bbo,3년 전,2021,가족 분열이 없다는게 가식적 이지만 그래도 이런 이야기는 좋은거니까.,3,[]
https://pedia.watcha.com/ko-KR/comments/3kNEpnnry7MOg,봄날,3년 전,2021,치매로 모든 기억이 지워져도 마지막까지 남아 있을 가족에 대한 사랑,3,[]
https://pedia.watcha.com/ko-KR/comments/BglQaee7rLQX0,두례행님,3년 전,2021,타케우치 유코 ㅜㅜ  너무 우울하지 않게 조금씩 조금씩 울컥하게 하네.. 영화가 전반적으로 잔잔하게 천천히 흘러가다보니 다소 지루할 수 있지만 난 이런 일본 영화가 좋다.  내가 좋아하는 유코와 아오이유우 두 배우 보는 것만으로도 만족스러웠다.,4,[]
https://pedia.watcha.com/ko-KR/comments/5yz2YXXPqaEWj,료타,3년 전,2021,현실엔 돈 문제도 생길 것이고... 이렇게 밝은 가족도 없을텐데...,3,[]
https://pedia.watcha.com/ko-KR/comments/wlL2DvgxdmQyZ,천상환,4년 전,2020,제목처럼 조금씩 천천히 보내는 영화,3,[]
https://pedia.watcha.com/ko-KR/comments/lP0E8mYzB12bx,정신애,4년 전,2020,주머니에 나뭇잎을 넣으면 세탁기를 연 엄마가 화를 내며 등짝을 ㅎㅎㅎ  아오이 유우의 환한 미소가 슬픈 눈물이 그대로 가슴에 와닿았다.,4,[]
https://pedia.watcha.com/ko-KR/comments/ZGYMGyNBv9Er8,Yves Klein,4년 전,2020,"영화 속 유코의 마지막 통화가 결국 우리에게 고했던 마지막, 안녕처럼 느껴져 가슴 아픈.",3,[]
https://pedia.watcha.com/ko-KR/comments/PkvE6n5YGLEpg,문현지,4년 전,2020,"몰입을 할 수밖에 없는 현실, 서서히 준비해야하는 것 어쩌면 모든 삶의 공통점이 아닐까. 우린 점점 행복해지려 노력해야하지만 그 순간을 즐기도록 하자.",3,[]
https://pedia.watcha.com/ko-KR/comments/OAxM79zp3GEbm,후기기지,4년 전,2020,"절망적인 현실에도 절망하지 않는 가족들. 겉으로 보기에 어른인 이들도 아직 성장 중이다. 치매의 절반 정도는 혈관성 치매로 식습관, 운동으로 예방이 가능하다고 한다.",4,[]
https://pedia.watcha.com/ko-KR/comments/BglQapy7YjMX0,HAL9000,4년 전,2020,잃어버린 기억의 편린들을 맞추는 행복 조각맞추기.,2.5,[]
https://pedia.watcha.com/ko-KR/comments/PkvE6n8zN4Epg,Youn,4년 전,2020,조금씩 멀어지는 이별에... 외롭지 않게 더 다가가는 가족의 사랑.,3.5,[]
https://pedia.watcha.com/ko-KR/comments/WzO2gANbRKQXZ,태욱,4년 전,2020,내게 가장 좋은 추억으로 남아있는 영화의 한사람을 기억하며.,보고싶어요,[]
https://pedia.watcha.com/ko-KR/comments/XpeMJvrxKVMJn,배재우,4년 전,2020,행복 목욕탕의 나카노 료타감독의 신작입니다. 료타감독은 처음으로 소설을 영화화했습니다. 일본의 많은 감독들이 #가족 을 주제로 영화를 만들지만 료타감독은 조금은 광적으로 가족에 집착하고 있습니다. 이 영화도 치매라는 주제를 다뤘지만 결국은 가족의 이야기입니다.,3,[]
https://pedia.watcha.com/ko-KR/comments/Vw8MLrGokdEel,윤남경,4년 전,2020,우산하나만 있으면 좋은 아버지가 될수있구나,2.5,[]
https://pedia.watcha.com/ko-KR/comments/GO6MZmjz5K2Nx,Keonhyung Kim,4년 전,2020,너무 길고 천천히 흐르는 진짜 이별의 시간들,2,[]
https://pedia.watcha.com/ko-KR/comments/rdVMNlJqa6Eql,이누,4년 전,2020,긴 이별이야기😭,2.5,[]
https://pedia.watcha.com/ko-KR/comments/69oMvnNKxBMal,김정현,4년 전,2020,어여쁘고 상냥하고 현명한 엄마의 나이가 묻어나는 손이 좋았다 잊히는 병이라면 더더욱 지금 이 순간이 중요하겠지,4,[]
https://pedia.watcha.com/ko-KR/comments/W9bEBPZZ5LMpZ,zerom,4년 전,2020,2020년 06월 19일,2.5,[]
https://pedia.watcha.com/ko-KR/comments/OAxM79jezaEbm,규민,4년 전,2020,치매라는 질병의 끝을 낭만으로 그리지 않고 담담하게.,3,[]
https://pedia.watcha.com/ko-KR/comments/6GWQ1LxRONMJ5,ParkSohee,4년 전,2020,길고 긴 이별을 위해 준비해야 되는 것들...,3,[]
https://pedia.watcha.com/ko-KR/comments/P7kEWaj4GBMJ9,김민욱,4년 전,2020,"인간이 아름다운 이유에는 세 가지가 있다. 세상에서 가장 예쁜 상태로 태어난다는 점과, 그 누구와도 같을 수 없는 자신만의 서사를 이룬다는 점과, 자신의 이야기에 스스로 끝을 맺을수 있다는 점이다.",3.5,[]
https://pedia.watcha.com/ko-KR/comments/6GWQ1LxB1lMJ5,워워,4년 전,2020,"공짜로 보는 주제에 왓챠 평가하면거 최초 반 개라 죄송스럽다. 사실 본 것 중에 안 본 걸로 친 건 아예 평가를 하려 들지 않는다. 이것도 그 중 하나가 될 뻔했.. 아니 되는 게 나았으려나. 1인 2매라 같이 갈 사람을 구해보려 부랴부랴 연락을 돌렸다. 진짜 혼자 보길 잘했다. 간만에 꽤나 노골적으로 빻은 영화를 봤다. 남자들은 모두 성취가 있었고 여자들은 모두 사랑에 목말라 있다. 여자들은 그들의 삶이 없다. 다른 방식으로의 의미 성립이 현실에서 점점 어려워지고는 있지만 아직 가능하다고는 보는데, 어쨌든 이 영화에서 “가정적”이라는 말은 의존적이라는 말과 다르지 않다. 나아가 내가 조금은 아는 일본 현대사를 영화가 전혀 직시하고 있지 않다는 느낌이 들어서 또한 당황스러웠다. 후쿠시마 사고를 다룬 일본 영화를 나로서는 처음 봐서, ‘오? 이거 얘기해보려고?’라는 생각이 들었다. 물론 꼭 국가가 못 됐다 어쨌다 할 필요는 없겠다. 다만 ‘그래도 우리는 아직 가족이 있으니 괜찮아.’라는 메세지를 전하는 건 너무 안일했다. 국제시장 안 봤지만 국제시장에 대한 비판들이 생각난 건 괜한 연상이었을까? 행복목욕탕에서 가족 얘기하는 건 그래도 문제의 규모가 작아서 괜찮았던 거 같지만, 역사를 건드는 동시에 국가의 책임이어야하는 노인 문제를 오롯이 가족의 몫으로 남기려는 개수작을 지켜보기는 힘들다. 가족!가족!가족! 하는 영화를 어지간해서는 남들보다 너그러이 봐주지만 도저히 못하겠다. 이미 다른 공동체나 가치를 찾지 않으면 안 되게 돼버린 일본만큼의 사회에서 저러고 얘기하고 앉았으니 너무 답답했다. 이런 메세지를 지닌 영화에서 연기를 잘하면 더 독이다. 그릇된 캠페인에 이용당한 것뿐이라는 생각만 든다. 엘리자베스가 “장녀”라도 써진 옷 입고 있어서 나 혼자 빵 터졌다. 그냥 미국인이 그런 글씨의 옷 입고 있는 게 웃겨서 다 보고 나니 그냥 졸라 비웃었어야 했어",0.5,[]
https://pedia.watcha.com/ko-KR/comments/bW3Qknz74dM9p,하면된다,4년 전,2020,마지막도 시작과 끝이 있다.,4.5,[]
https://pedia.watcha.com/ko-KR/comments/8n92VyNaDGEAJ,애디,4년 전,2020,긴 이별을 준비하는 가족의 모습이 너무나 와닿았다.,4,[]
https://pedia.watcha.com/ko-KR/comments/mkPMnqJpW92wq,박종일,4년 전,2020,일본영화 전체적인 퀄리티가 아쉬울 뿐. 주고 싶은 감동을 깔끔하고 정갈하게 전달해서 좋았다. 우리 모두가 겪어야 할 삶의 과정을 산뜻하고 강단있는 연기로 보여준 아오이 유우 배우 오랜만에 볼 수 있어 좋았다.,3.5,[]
https://pedia.watcha.com/ko-KR/comments/BglQap4P7WMX0,JHrock,4년 전,2020,"관계의 단절과 싸우는 모든 이에게 보내는 따뜻한 위로.  비단 치매노인 뿐 아니라 소원한 부부, 이혼한 남녀, 사춘기 소년, 그리고 일본 사회 전체 등 다양한 층위의 느린 단절을 다루며, 끝내 그 모두에게 하나하나 응원을 건넨다.  목적지도 모르는 채로 막연히 '돌아가야해!'만을 외치는 할아버지는 버블 경제 붕괴, 도호쿠 대지진 등을 겪어온 일본인들의 상실감을 대변한다. 그가 돌아가고 싶은 곳은 장소가 아니라 시절이었으리라.",4,[]
https://pedia.watcha.com/ko-KR/comments/zD82XGdVABE53,김성혁,4년 전,2020,"기억에서 멀어치는 치매처럼 꿈과 가정에 멀어지는 두 딸도 제목처럼 조금씩, 천천히 안녕을 고한다.",3,[]
https://pedia.watcha.com/ko-KR/comments/GO6MZmNvp62Nx,OR,4년 전,2020,"공익적인 느낌이 없지 않지만 지금까지의 치매 노인을 그린 영화와는 다소 결이 다르다 따스함을 부각한 결과, 현실감이 떨어진다는 생각도 들지만 울면서 감정을 쥐어짜는 부분 없이도 감동을 준다 주체는 아버지 쇼헤이지만 후미의 시선은 관찰자로서 많은 비중을 차지한다 상당부분 후미의 시선에서 전개된다고 해도 무방할 정도. 또한 손자 타카시와 쇼헤이의 관계 중요한 부분",2.5,[]
https://pedia.watcha.com/ko-KR/comments/rdVMNl8160Eql,충정지애,4년 전,2020,.,2,[]
https://pedia.watcha.com/ko-KR/comments/BglQapbmJWMX0,체마N보스코,5년 전,2019,"바르고 성실하게 마주하며, 조금은 어색하고 비효율적으로.",2.5,[]
